country_id,type,value,weight
2,first,Marco,18
2,first,Francesco,14
2,first,Andrea,11
2,first,Alessandro,9
2,first,Lorenzo,8
2,first,Matteo,7
2,first,Davide,6
2,first,Simone,5
2,first,Stefano,4
2,first,Riccardo,4
2,first,Gianluca,3
2,first,Filippo,3
2,first,Luca,2
2,first,Alberto,2
2,first,Diego,2
2,first,Vincenzo,2
2,first,Paolo,2
2,first,Manuel,2
2,first,Mattia,2
2,first,Giulio,2
2,first,Salvatore,1
2,first,Nicolo,1
2,first,Edoardo,1
2,first,Cesare,1
2,first,Federico,1
2,first,Tommaso,1
2,first,Antonio,1
2,first,Pietro,1
2,first,Gabriele,1
2,first,Enrico,1
2,last,Rossi,18
2,last,Bianchi,14
2,last,Russo,11
2,last,Ferrari,9
2,last,Esposito,8
2,last,Conti,7
2,last,Romano,6
2,last,Colombo,5
2,last,Ricci,4
2,last,Marino,4
2,last,Greco,3
2,last,Bruno,3
2,last,Gallo,2
2,last,De Luca,2
2,last,Mancini,2
2,last,Costa,2
2,last,Giordano,2
2,last,Rizzo,2
2,last,Lombardi,2
2,last,Moretti,2
2,last,Barbieri,1
2,last,Fontana,1
2,last,Santoro,1
2,last,Mariani,1
2,last,Rinaldi,1
2,last,Leone,1
2,last,Palumbo,1
2,last,Testa,1
2,last,Caruso,1
2,last,Vitale,1
3,first,Julian,18
3,first,Thomas,14
3,first,Louis,11
3,first,Hugo,9
3,first,Lucas,8
3,first,Antoine,7
3,first,Maxime,6
3,first,Nathan,5
3,first,Theo,4
3,first,Mathis,4
3,first,Alexandre,3
3,first,Quentin,3
3,first,Valentin,2
3,first,Axel,2
3,first,Clement,2
3,first,Maxence,2
3,first,Enzo,2
3,first,Leo,2
3,first,Raphael,2
3,first,Paul,2
3,first,Pierre,1
3,first,Damien,1
3,first,Killian,1
3,first,Mathieu,1
3,first,Adrien,1
3,first,Sebastien,1
3,first,Florian,1
3,first,Remi,1
3,first,Tom,1
3,first,Loic,1
3,last,Martin,18
3,last,Bernard,14
3,last,Dubois,11
3,last,Thomas,9
3,last,Robert,8
3,last,Richard,7
3,last,Petit,6
3,last,Durand,5
3,last,Leroy,4
3,last,Moreau,4
3,last,Simon,3
3,last,Laurent,3
3,last,Michel,2
3,last,Garcia,2
3,last,David,2
3,last,Bertrand,2
3,last,Roux,2
3,last,Vincent,2
3,last,Fournier,2
3,last,Morel,2
3,last,Girard,1
3,last,Andre,1
3,last,Lefebvre,1
3,last,Mercier,1
3,last,Blanc,1
3,last,Garnier,1
3,last,Faure,1
3,last,Rousseau,1
3,last,Marchand,1
3,last,Henry,1
4,first,Wout,18
4,first,Remco,14
4,first,Jasper,11
4,first,Thibau,9
4,first,Florian,8
4,first,Arnaud,7
4,first,Bjorg,6
4,first,Sep,5
4,first,Yves,4
4,first,Tim,4
4,first,Laurens,3
4,first,Edward,3
4,first,Aurélien,2
4,first,Quinten,2
4,first,Milan,2
4,first,Lian,2
4,first,Mats,2
4,first,Glenn,2
4,first,Staf,2
4,first,Xander,2
4,first,Aaron,1
4,first,Brent,1
4,first,Cedric,1
4,first,Dries,1
4,first,Gianni,1
4,first,Iljo,1
4,first,Kenny,1
4,first,Nils,1
4,first,Rune,1
4,first,Thierry,1
4,last,Van Aert,18
4,last,Evenepoel,14
4,last,Philipsen,11
4,last,De Lie,9
4,last,Lampaert,8
4,last,Merlier,7
4,last,Stuyven,6
4,last,Declercq,5
4,last,Vermeersch,4
4,last,Van der Poel,4
4,last,Van Avermaet,3
4,last,Gilbert,3
4,last,Van Emden,2
4,last,De Gendt,2
4,last,Boonen,2
4,last,Cancellara,2
4,last,Devolder,2
4,last,Waeytens,2
4,last,Serry,2
4,last,Hermans,2
4,last,Campenaerts,1
4,last,Keisse,1
4,last,Naesen,1
4,last,Wellens,1
4,last,Benoot,1
4,last,Quintana,1
4,last,Devenyns,1
4,last,De Vlaminck,1
4,last,Van Keirsbulck,1
4,last,De Ketele,1
5,first,Mathieu,18
5,first,Dylan,14
5,first,Fabio,11
5,first,Timo,9
5,first,Tom,8
5,first,Bauke,7
5,first,Robert,6
5,first,Koen,5
5,first,Ramon,4
5,first,Wout,4
5,first,Lars,3
5,first,Sebastian,3
5,first,Niek,2
5,first,Sjoerd,2
5,first,Daan,2
5,first,Mike,2
5,first,Jan,2
5,first,Bas,2
5,first,Hans,2
5,first,Steven,2
5,first,Pieter,1
5,first,Joris,1
5,first,Stijn,1
5,first,Bram,1
5,first,Coen,1
5,first,Frank,1
5,first,Maarten,1
5,first,Thijs,1
5,first,Wil,1
5,first,Kasper,1
5,last,Van der Poel,18
5,last,Haga,14
5,last,Van Baarle,11
5,last,Dumoulin,9
5,last,Slagter,8
5,last,Poels,7
5,last,Kelderman,6
5,last,Hoekstra,5
5,last,Bos,4
5,last,Ten Dam,4
5,last,Weening,3
5,last,De Vries,3
5,last,Kruijswijk,2
5,last,Van Emden,2
5,last,Bouwman,2
5,last,Lindeman,2
5,last,Van As,2
5,last,Bol,2
5,last,Wynants,2
5,last,Meyer,2
5,last,Kamp,1
5,last,Van den Berg,1
5,last,Stork,1
5,last,Roosen,1
5,last,Bouman,1
5,last,Tol,1
5,last,Verge,1
5,last,Arens,1
5,last,Bouwmeester,1
5,last,Eenkhoorn,1
6,first,John,18
6,first,James,14
6,first,David,11
6,first,Michael,9
6,first,Robert,8
6,first,William,7
6,first,Daniel,6
6,first,Mark,5
6,first,Paul,4
6,first,Peter,4
6,first,Thomas,3
6,first,Richard,3
6,first,George,2
6,first,Charles,2
6,first,Edward,2
6,first,Andrew,2
6,first,Patrick,2
6,first,Stephen,2
6,first,Brian,2
6,first,Kevin,2
6,first,Ian,1
6,first,Alex,1
6,first,Ben,1
6,first,Luke,1
6,first,Jake,1
6,last,Smith,18
6,last,Johnson,14
6,last,Williams,11
6,last,Brown,9
6,last,Jones,8
6,last,Miller,7
6,last,Davis,6
6,last,Wilson,5
6,last,Moore,4
6,last,Taylor,4
6,last,Anderson,3
6,last,Thomas,3
6,last,Jackson,2
6,last,White,2
6,last,Harris,2
6,last,Martin,2
6,last,Thompson,2
6,last,Garcia,2
6,last,Martinez,2
6,last,Robinson,2
6,last,Clark,1
6,last,Rodriguez,1
6,last,Lewis,1
6,last,Lee,1
6,last,Walker,1
7,first,Toni,18
7,first,Pascal,14
7,first,John,11
7,first,Jakob,9
7,first,Maximilian,8
7,first,Felix,7
7,first,Lennard,6
7,first,Emanuel,5
7,first,Nils,4
7,first,Simon,4
7,first,Lennart,3
7,first,Marc,3
7,first,Robert,2
7,first,Stefan,2
7,first,Rudy,2
7,first,Dominik,2
7,first,Phil,2
7,first,Andreas,2
7,first,Aleksandr,2
7,first,Bastian,2
7,first,Christopher,1
7,first,Dennis,1
7,first,Florian,1
7,first,Georg,1
7,first,Hendrik,1
7,first,Jens,1
7,first,Lukas,1
7,first,Martin,1
7,first,Roger,1
7,first,Andre,1
7,last,Albrecht,18
7,last,Denifl,14
7,last,Sagan,11
7,last,Ackermann,9
7,last,Schachmann,8
7,last,Degenkolb,7
7,last,Kittel,6
7,last,Gretsch,5
7,last,Meyer,4
7,last,Politt,4
7,last,Martin,3
7,last,Walscheid,3
7,last,Burghardt,2
7,last,Zabel,2
7,last,Arndt,2
7,last,Henig,2
7,last,Langeveld,2
7,last,Mohs,2
7,last,Peschel,2
7,last,Schiller,2
7,last,Steels,1
7,last,Voigt,1
7,last,Wagner,1
7,last,Buchmann,1
7,last,Schilling,1
7,last,Taucher,1
7,last,Westphal,1
7,last,Braun,1
7,last,Wiegand,1
7,last,Hentschel,1
8,first,Alejandro,18
8,first,Alberto,14
8,first,Pablo,11
8,first,Marc,9
8,first,Omar,8
8,first,Carlos,7
8,first,Ivan,6
8,first,Rafael,5
8,first,David,4
8,first,Daniel,4
8,first,Adriano,3
8,first,Samuel,3
8,first,Jonathan,2
8,first,Francisco,2
8,first,Manuel,2
8,first,Ruben,2
8,first,Jose,2
8,first,Antonio,2
8,first,Andoni,2
8,first,Benat,2
8,first,Enric,1
8,first,Egoitz,1
8,first,Gorka,1
8,first,Haimar,1
8,first,Igor,1
8,first,Jesus,1
8,first,Josu,1
8,first,Julen,1
8,first,Luis,1
8,first,Miguel,1
8,last,Rodriguez,18
8,last,Olano,14
8,last,Indurain,11
8,last,Valverde,9
8,last,Sastre,8
8,last,Purito,7
8,last,Landa,6
8,last,Quintana,5
8,last,Anton,4
8,last,Hernandez,4
8,last,Izagirre,3
8,last,Sanchez,3
8,last,Garcia,2
8,last,Fernandez,2
8,last,Jimenez,2
8,last,Perez,2
8,last,Gonzalez,2
8,last,Martinez,2
8,last,Romero,2
8,last,Vicente,2
8,last,Caballero,1
8,last,Castillo,1
8,last,Castro,1
8,last,Delgado,1
8,last,Esteve,1
8,last,Garrido,1
8,last,Lopez,1
8,last,Moreno,1
8,last,Nieto,1
8,last,Cano,1
9,first,Samuel,18
9,first,Pierre,14
9,first,Jean,11
9,first,Paul,9
9,first,André,8
9,first,Emmanuel,7
9,first,Eric,6
9,first,Daniel,5
9,first,David,4
9,first,Joseph,4
9,first,Michel,3
9,first,Alain,3
9,first,Marc,2
9,first,Patrick,2
9,first,Robert,2
9,first,Roger,2
9,first,Serge,2
9,first,Stéphane,2
9,first,Yann,2
9,first,Yves,2
9,last,Mensah,18
9,last,Asante,14
9,last,Owusu,11
9,last,Acheampong,9
9,last,Osei,8
9,last,Adjei,7
9,last,Boateng,6
9,last,Agyei,5
9,last,Amoah,4
9,last,Darko,4
9,last,Donkor,3
9,last,Kufuor,3
9,last,Agyeman,2
9,last,Agyekum,2
9,last,Appiah,2
9,last,Asare,2
9,last,Ata,2
9,last,Baffoe,2
9,last,Boakye,2
9,last,Bonsu,2
10,first,Michael,18
10,first,Mads,14
10,first,Soren,11
10,first,Kasper,9
10,first,Christopher,8
10,first,Alexander,7
10,first,Mathias,6
10,first,Niklas,5
10,first,Frederik,4
10,first,Lukas,4
10,first,Jonas,3
10,first,Magnus,3
10,first,Rasmus,2
10,first,Andreas,2
10,first,Emil,2
10,first,Henrik,2
10,first,Mikkel,2
10,first,Oliver,2
10,first,Patrick,2
10,first,Sebastian,2
10,first,Tobias,1
10,first,Victor,1
10,first,William,1
10,first,August,1
10,first,Christian,1
10,first,Erik,1
10,first,Jakob,1
10,first,Johannes,1
10,first,Lucas,1
10,first,Martin,1
10,last,Mork,18
10,last,Valgren,14
10,last,Hansen,11
10,last,Pedersen,9
10,last,Magnussen,8
10,last,Cort,7
10,last,Fuglsang,6
10,last,Bjerg,5
10,last,Andersen,4
10,last,Christensen,4
10,last,Holm,3
10,last,Jorgensen,3
10,last,Kristensen,2
10,last,Larsen,2
10,last,Nielsen,2
10,last,Olsen,2
10,last,Petersen,2
10,last,Rasmussen,2
10,last,Schmidt,2
10,last,Sorensen,2
10,last,Thomsen,1
10,last,Winther,1
10,last,Jacobsen,1
10,last,Lund,1
10,last,Vinther,1
10,last,Aagaard,1
10,last,Bach,1
10,last,Brandt,1
10,last,Dahl,1
10,last,Vestergaard,1
11,first,Egan,18
11,first,Nairo,14
11,first,Fernando,11
11,first,Rigoberto,9
11,first,Esteban,8
11,first,Ivan,7
11,first,Juan,6
11,first,Julian,5
11,first,Miguel,4
11,first,Wilson,4
11,first,Sergio,3
11,first,Cristian,3
11,first,Jose,2
11,first,Darwin,2
11,first,Daniel,2
11,first,Andres,2
11,first,Carlos,2
11,first,Diego,2
11,first,Eduar,2
11,first,Felix,2
11,first,Hernan,1
11,first,Hover,1
11,first,Jaime,1
11,first,Jhonatan,1
11,first,Camilo,1
11,first,Sebastian,1
11,first,Santiago,1
11,first,Luis,1
11,first,Mateo,1
11,first,Nicolas,1
11,last,Quintero,18
11,last,Bernal,14
11,last,Lopez,11
11,last,Uran,9
11,last,Martinez,8
11,last,Higuita,7
11,last,Sosa,6
11,last,Chaves,5
11,last,Atapuma,4
11,last,Betancur,4
11,last,Anacona,3
11,last,Pedraza,3
11,last,Rubio,2
11,last,Rodriguez,2
11,last,Pena,2
11,last,Cardona,2
11,last,Ospina,2
11,last,Perez,2
11,last,Salazar,2
11,last,Agudelo,2
11,last,Arango,1
11,last,Castano,1
11,last,Colorado,1
11,last,Duque,1
11,last,Gaviria,1
11,last,Gonzalez,1
11,last,Mejia,1
11,last,Montoya,1
11,last,Munoz,1
11,last,Tejada,1
12,first,Raul,18
12,first,Martin,14
12,first,Tarmo,11
12,first,Janar,9
12,first,Peeter,8
12,first,Riho,7
12,first,Andres,6
12,first,Taavi,5
12,first,Siim,4
12,first,Allan,4
12,first,Margus,3
12,first,Toomas,3
12,first,Urmas,2
12,first,Ain,2
12,first,Ants,2
12,first,Arvo,2
12,first,Enn,2
12,first,Gunnar,2
12,first,Heino,2
12,first,Kalev,2
12,first,Ott,1
12,first,Priit,1
12,first,Tiit,1
12,first,Toivo,1
12,first,Uno,1
12,last,Tamm,18
12,last,Sepp,14
12,last,Saar,11
12,last,Kukk,9
12,last,Magi,8
12,last,Parn,7
12,last,Kask,6
12,last,Rebane,5
12,last,Ilves,4
12,last,Teder,4
12,last,Kuusk,3
12,last,Oja,3
12,last,Tuvike,2
12,last,Vahtras,2
12,last,Aavik,2
12,last,Eskla,2
12,last,Harm,2
12,last,Jurisson,2
12,last,Kaasik,2
12,last,Koit,2
12,last,Laane,1
12,last,Meier,1
12,last,Nurk,1
12,last,Podersalu,1
12,last,Raudsepp,1
13,first,Wei,18
13,first,Min,14
13,first,Jun,11
13,first,Hyun,9
13,first,Sung,8
13,first,Won,7
13,first,Tae,6
13,first,Ho,5
13,first,Ki,4
13,first,Sang,4
13,first,Seung,3
13,first,Young,3
13,first,Chul,2
13,first,Dong,2
13,first,Hak,2
13,first,Jin,2
13,first,Kwang,2
13,first,Man,2
13,first,Myung,2
13,first,Nam,2
13,first,Pyung,1
13,first,Seok,1
13,first,Woo,1
13,first,Yang,1
13,first,Yong,1
13,last,Kim,18
13,last,Lee,14
13,last,Park,11
13,last,Choi,9
13,last,Jung,8
13,last,Kang,7
13,last,Cho,6
13,last,Yoon,5
13,last,Jang,4
13,last,Lim,4
13,last,Han,3
13,last,Shin,3
13,last,Seo,2
13,last,Kwon,2
13,last,Yang,2
13,last,Son,2
13,last,Baek,2
13,last,Ahn,2
13,last,Heo,2
13,last,Ryu,2
13,last,Koh,1
13,last,Cha,1
13,last,Suh,1
13,last,Yoo,1
13,last,Bae,1
14,first,Alexander,18
14,first,Dmitri,14
14,first,Sergei,11
14,first,Ivan,9
14,first,Mikhail,8
14,first,Alexei,7
14,first,Andrei,6
14,first,Nikolai,5
14,first,Pavel,4
14,first,Roman,4
14,first,Vladimir,3
14,first,Yevgeny,3
14,first,Igor,2
14,first,Maxim,2
14,first,Artem,2
14,first,Denis,2
14,first,Viktor,2
14,first,Boris,2
14,first,Gleb,2
14,first,Kirill,2
14,first,Konstantin,1
14,first,Leonid,1
14,first,Oleg,1
14,first,Petr,1
14,first,Stanislav,1
14,last,Ivanov,18
14,last,Petrov,14
14,last,Smirnov,11
14,last,Kuznetsov,9
14,last,Popov,8
14,last,Sokolov,7
14,last,Lebedev,6
14,last,Kozlov,5
14,last,Novikov,4
14,last,Morozov,4
14,last,Volkov,3
14,last,Alekseev,3
14,last,Fedorov,2
14,last,Mikhailov,2
14,last,Belyaev,2
14,last,Tarasov,2
14,last,Gusev,2
14,last,Titov,2
14,last,Kuzmin,2
14,last,Sidorov,2
14,last,Romanov,1
14,last,Stepanov,1
14,last,Nikolaev,1
14,last,Orlov,1
14,last,Andreev,1
15,first,Alexander,18
15,first,Dmitri,14
15,first,Sergei,11
15,first,Ivan,9
15,first,Mikhail,8
15,first,Alexei,7
15,first,Andrei,6
15,first,Nikolai,5
15,first,Pavel,4
15,first,Roman,4
15,first,Vladimir,3
15,first,Yevgeny,3
15,first,Igor,2
15,first,Maxim,2
15,first,Artem,2
15,first,Denis,2
15,first,Viktor,2
15,first,Boris,2
15,first,Gleb,2
15,first,Kirill,2
15,last,Ivanov,18
15,last,Petrov,14
15,last,Smirnov,11
15,last,Kuznetsov,9
15,last,Popov,8
15,last,Sokolov,7
15,last,Lebedev,6
15,last,Kozlov,5
15,last,Novikov,4
15,last,Morozov,4
15,last,Volkov,3
15,last,Alekseev,3
15,last,Fedorov,2
15,last,Mikhailov,2
15,last,Belyaev,2
15,last,Tarasov,2
15,last,Gusev,2
15,last,Titov,2
15,last,Kuzmin,2
15,last,Sidorov,2
16,first,John,18
16,first,James,14
16,first,David,11
16,first,Michael,9
16,first,Robert,8
16,first,William,7
16,first,Daniel,6
16,first,Mark,5
16,first,Paul,4
16,first,Peter,4
16,first,Thomas,3
16,first,Richard,3
16,first,George,2
16,first,Charles,2
16,first,Edward,2
16,first,Andrew,2
16,first,Patrick,2
16,first,Stephen,2
16,first,Brian,2
16,first,Kevin,2
16,first,Ian,1
16,first,Alex,1
16,first,Ben,1
16,first,Luke,1
16,first,Jake,1
16,last,Smith,18
16,last,Johnson,14
16,last,Williams,11
16,last,Brown,9
16,last,Jones,8
16,last,Miller,7
16,last,Davis,6
16,last,Wilson,5
16,last,Moore,4
16,last,Taylor,4
16,last,Anderson,3
16,last,Thomas,3
16,last,Jackson,2
16,last,White,2
16,last,Harris,2
16,last,Martin,2
16,last,Thompson,2
16,last,Garcia,2
16,last,Martinez,2
16,last,Robinson,2
16,last,Clark,1
16,last,Rodriguez,1
16,last,Lewis,1
16,last,Lee,1
16,last,Walker,1
17,first,John,18
17,first,James,14
17,first,David,11
17,first,Michael,9
17,first,Robert,8
17,first,William,7
17,first,Daniel,6
17,first,Mark,5
17,first,Paul,4
17,first,Peter,4
17,first,Thomas,3
17,first,Richard,3
17,first,George,2
17,first,Charles,2
17,first,Edward,2
17,first,Andrew,2
17,first,Patrick,2
17,first,Stephen,2
17,first,Brian,2
17,first,Kevin,2
17,first,Ian,1
17,first,Alex,1
17,first,Ben,1
17,first,Luke,1
17,first,Jake,1
17,last,Smith,18
17,last,Johnson,14
17,last,Williams,11
17,last,Brown,9
17,last,Jones,8
17,last,Miller,7
17,last,Davis,6
17,last,Wilson,5
17,last,Moore,4
17,last,Taylor,4
17,last,Anderson,3
17,last,Thomas,3
17,last,Jackson,2
17,last,White,2
17,last,Harris,2
17,last,Martin,2
17,last,Thompson,2
17,last,Garcia,2
17,last,Martinez,2
17,last,Robinson,2
17,last,Clark,1
17,last,Rodriguez,1
17,last,Lewis,1
17,last,Lee,1
17,last,Walker,1
18,first,Tom,18
18,first,Adam,14
18,first,Mark,11
18,first,Daniel,9
18,first,Ben,8
18,first,Ethan,7
18,first,Owen,6
18,first,Luke,5
18,first,James,4
18,first,George,4
18,first,Samuel,3
18,first,Oliver,3
18,first,Harry,2
18,first,Jack,2
18,first,Charlie,2
18,first,William,2
18,first,Edward,2
18,first,Henry,2
18,first,Alfie,2
18,first,Archie,2
18,first,Freddie,1
18,first,Jacob,1
18,first,Joe,1
18,first,Leo,1
18,first,Logan,1
18,first,Mason,1
18,first,Noah,1
18,first,Oscar,1
18,first,Ryan,1
18,first,Callum,1
18,last,Yates,18
18,last,Cavendish,14
18,last,Froome,11
18,last,Thomas,9
18,last,Swift,8
18,last,Stannard,7
18,last,Hayter,6
18,last,Steels,5
18,last,Millar,4
18,last,Armitstead,4
18,last,Blythe,3
18,last,Clancy,3
18,last,Dowsett,2
18,last,Dunbar,2
18,last,Kennaugh,2
18,last,Latham,2
18,last,Lloyd,2
18,last,McLaren,2
18,last,Opie,2
18,last,Porteous,2
18,last,Purvis,1
18,last,Russell,1
18,last,Smith,1
18,last,Stewart,1
18,last,Stokes,1
18,last,Walker,1
18,last,Ward,1
18,last,Wells,1
18,last,Wright,1
18,last,Sutton,1
19,first,John,18
19,first,James,14
19,first,David,11
19,first,Michael,9
19,first,Robert,8
19,first,William,7
19,first,Daniel,6
19,first,Mark,5
19,first,Paul,4
19,first,Peter,4
19,first,Thomas,3
19,first,Richard,3
19,first,George,2
19,first,Charles,2
19,first,Edward,2
19,first,Andrew,2
19,first,Patrick,2
19,first,Stephen,2
19,first,Brian,2
19,first,Kevin,2
19,first,Ian,1
19,first,Alex,1
19,first,Ben,1
19,first,Luke,1
19,first,Jake,1
19,last,Smith,18
19,last,Johnson,14
19,last,Williams,11
19,last,Brown,9
19,last,Jones,8
19,last,Miller,7
19,last,Davis,6
19,last,Wilson,5
19,last,Moore,4
19,last,Taylor,4
19,last,Anderson,3
19,last,Thomas,3
19,last,Jackson,2
19,last,White,2
19,last,Harris,2
19,last,Martin,2
19,last,Thompson,2
19,last,Garcia,2
19,last,Martinez,2
19,last,Robinson,2
19,last,Clark,1
19,last,Rodriguez,1
19,last,Lewis,1
19,last,Lee,1
19,last,Walker,1
20,first,Caleb,18
20,first,Michael,14
20,first,Simon,11
20,first,Rohan,9
20,first,Richie,8
20,first,Ben,7
20,first,Lucas,6
20,first,Sam,5
20,first,Jay,4
20,first,Nathan,4
20,first,Jack,3
20,first,James,3
20,first,Leigh,2
20,first,Matthew,2
20,first,Mitchell,2
20,first,Patrick,2
20,first,Travis,2
20,first,William,2
20,first,Alexander,2
20,first,Angus,2
20,first,Brendan,1
20,first,Brent,1
20,first,Damien,1
20,first,Daniel,1
20,first,David,1
20,first,Edward,1
20,first,George,1
20,first,Henry,1
20,first,Jai,1
20,first,Oliver,1
20,last,Ewan,18
20,last,Matthews,14
20,last,Dennis,11
20,last,Clarke,9
20,last,Haig,8
20,last,Williams,7
20,last,Hamilton,6
20,last,McCarthy,5
20,last,Power,4
20,last,Bobridge,4
20,last,Durbridge,3
20,last,Hepburn,3
20,last,Howson,2
20,last,Kennaugh,2
20,last,McConnell,2
20,last,OBrien,2
20,last,OGrady,2
20,last,Porter,2
20,last,Renshaw,2
20,last,Scott,2
20,last,Smith,1
20,last,Sutton,1
20,last,Walker,1
20,last,Walls,1
20,last,Watson,1
20,last,Wells,1
20,last,West,1
20,last,Wight,1
20,last,Wilson,1
20,last,Storer,1
21,first,Wei,18
21,first,Min,14
21,first,Jun,11
21,first,Hyun,9
21,first,Sung,8
21,first,Won,7
21,first,Tae,6
21,first,Ho,5
21,first,Ki,4
21,first,Sang,4
21,first,Seung,3
21,first,Young,3
21,first,Chul,2
21,first,Dong,2
21,first,Hak,2
21,first,Jin,2
21,first,Kwang,2
21,first,Man,2
21,first,Myung,2
21,first,Nam,2
21,first,Pyung,1
21,first,Seok,1
21,first,Woo,1
21,first,Yang,1
21,first,Yong,1
21,last,Kim,18
21,last,Lee,14
21,last,Park,11
21,last,Choi,9
21,last,Jung,8
21,last,Kang,7
21,last,Cho,6
21,last,Yoon,5
21,last,Jang,4
21,last,Lim,4
21,last,Han,3
21,last,Shin,3
21,last,Seo,2
21,last,Kwon,2
21,last,Yang,2
21,last,Son,2
21,last,Baek,2
21,last,Ahn,2
21,last,Heo,2
21,last,Ryu,2
21,last,Koh,1
21,last,Cha,1
21,last,Suh,1
21,last,Yoo,1
21,last,Bae,1
22,first,John,18
22,first,James,14
22,first,David,11
22,first,Michael,9
22,first,Robert,8
22,first,William,7
22,first,Daniel,6
22,first,Mark,5
22,first,Paul,4
22,first,Peter,4
22,first,Thomas,3
22,first,Richard,3
22,first,George,2
22,first,Charles,2
22,first,Edward,2
22,first,Andrew,2
22,first,Patrick,2
22,first,Stephen,2
22,first,Brian,2
22,first,Kevin,2
22,first,Ian,1
22,first,Alex,1
22,first,Ben,1
22,first,Luke,1
22,first,Jake,1
22,last,Smith,18
22,last,Johnson,14
22,last,Williams,11
22,last,Brown,9
22,last,Jones,8
22,last,Miller,7
22,last,Davis,6
22,last,Wilson,5
22,last,Moore,4
22,last,Taylor,4
22,last,Anderson,3
22,last,Thomas,3
22,last,Jackson,2
22,last,White,2
22,last,Harris,2
22,last,Martin,2
22,last,Thompson,2
22,last,Garcia,2
22,last,Martinez,2
22,last,Robinson,2
22,last,Clark,1
22,last,Rodriguez,1
22,last,Lewis,1
22,last,Lee,1
22,last,Walker,1
23,first,Juan,18
23,first,José,14
23,first,Luis,11
23,first,Carlos,9
23,first,Miguel,8
23,first,Antonio,7
23,first,Francisco,6
23,first,Diego,5
23,first,Pablo,4
23,first,Santiago,4
23,first,Mateo,3
23,first,Nicolás,3
23,first,Tomás,2
23,first,Pedro,2
23,first,Manuel,2
23,first,Rafael,2
23,first,Javier,2
23,first,Mario,2
23,first,Sergio,2
23,first,Ricardo,2
23,last,González,18
23,last,Rodríguez,14
23,last,Gómez,11
23,last,Fernández,9
23,last,López,8
23,last,Díaz,7
23,last,Martínez,6
23,last,Pérez,5
23,last,Sánchez,4
23,last,Romero,4
23,last,Sosa,3
23,last,Alvarez,3
23,last,Benítez,2
23,last,Castro,2
23,last,Domínguez,2
23,last,Espinoza,2
23,last,Farias,2
23,last,Giménez,2
23,last,Heredia,2
23,last,Ibarra,2
24,first,Samuel,18
24,first,Pierre,14
24,first,Jean,11
24,first,Paul,9
24,first,André,8
24,first,Emmanuel,7
24,first,Eric,6
24,first,Daniel,5
24,first,David,4
24,first,Joseph,4
24,first,Michel,3
24,first,Alain,3
24,first,Marc,2
24,first,Patrick,2
24,first,Robert,2
24,last,Mensah,18
24,last,Asante,14
24,last,Owusu,11
24,last,Acheampong,9
24,last,Osei,8
24,last,Adjei,7
24,last,Boateng,6
24,last,Agyei,5
24,last,Amoah,4
24,last,Darko,4
24,last,Donkor,3
24,last,Kufuor,3
24,last,Agyeman,2
24,last,Agyekum,2
24,last,Appiah,2
25,first,Juan,18
25,first,José,14
25,first,Luis,11
25,first,Carlos,9
25,first,Miguel,8
25,first,Antonio,7
25,first,Francisco,6
25,first,Diego,5
25,first,Pablo,4
25,first,Santiago,4
25,first,Mateo,3
25,first,Nicolás,3
25,first,Tomás,2
25,first,Pedro,2
25,first,Manuel,2
25,first,Rafael,2
25,first,Javier,2
25,first,Mario,2
25,first,Sergio,2
25,first,Ricardo,2
25,last,González,18
25,last,Rodríguez,14
25,last,Gómez,11
25,last,Fernández,9
25,last,López,8
25,last,Díaz,7
25,last,Martínez,6
25,last,Pérez,5
25,last,Sánchez,4
25,last,Romero,4
25,last,Sosa,3
25,last,Alvarez,3
25,last,Benítez,2
25,last,Castro,2
25,last,Domínguez,2
25,last,Espinoza,2
25,last,Farias,2
25,last,Giménez,2
25,last,Heredia,2
25,last,Ibarra,2
26,first,Mohammed,18
26,first,Ahmed,14
26,first,Ali,11
26,first,Khalid,9
26,first,Hassan,8
26,first,Hussein,7
26,first,Omar,6
26,first,Ibrahim,5
26,first,Yusuf,4
26,first,Hamad,4
26,first,Fahad,3
26,first,Abdullah,3
26,first,Abdul,2
26,first,Saeed,2
26,first,Salem,2
26,first,Nasser,2
26,first,Talal,2
26,first,Faisal,2
26,first,Mishaal,2
26,first,Jassim,2
26,last,Al-Saud,18
26,last,Al-Sheikh,14
26,last,Al-Mutairi,11
26,last,Al-Otaibi,9
26,last,Al-Harbi,8
26,last,Al-Ghamdi,7
26,last,Al-Qahtani,6
26,last,Al-Husseini,5
26,last,Al-Ali,4
26,last,Al-Sayed,4
26,last,Al-Mahmoud,3
26,last,Al-Hassan,3
26,last,Al-Rashid,2
26,last,Al-Najjar,2
26,last,Al-Khalil,2
26,last,Al-Sabbagh,2
26,last,Al-Saadi,2
26,last,Al-Sulaiti,2
26,last,Al-Mutlaq,2
26,last,Al-Masri,2
27,first,Alexander,18
27,first,Dmitri,14
27,first,Sergei,11
27,first,Ivan,9
27,first,Mikhail,8
27,first,Alexei,7
27,first,Andrei,6
27,first,Nikolai,5
27,first,Pavel,4
27,first,Roman,4
27,first,Vladimir,3
27,first,Yevgeny,3
27,first,Igor,2
27,first,Maxim,2
27,first,Artem,2
27,first,Denis,2
27,first,Viktor,2
27,first,Boris,2
27,first,Gleb,2
27,first,Kirill,2
27,first,Konstantin,1
27,first,Leonid,1
27,first,Oleg,1
27,first,Petr,1
27,first,Stanislav,1
27,last,Ivanov,18
27,last,Petrov,14
27,last,Smirnov,11
27,last,Kuznetsov,9
27,last,Popov,8
27,last,Sokolov,7
27,last,Lebedev,6
27,last,Kozlov,5
27,last,Novikov,4
27,last,Morozov,4
27,last,Volkov,3
27,last,Alekseev,3
27,last,Fedorov,2
27,last,Mikhailov,2
27,last,Belyaev,2
27,last,Tarasov,2
27,last,Gusev,2
27,last,Titov,2
27,last,Kuzmin,2
27,last,Sidorov,2
27,last,Romanov,1
27,last,Stepanov,1
27,last,Nikolaev,1
27,last,Orlov,1
27,last,Andreev,1
28,first,Tadej,18
28,first,Primoz,14
28,first,Jan,11
28,first,Matej,9
28,first,Luka,8
28,first,Anze,7
28,first,Grega,6
28,first,Domen,5
28,first,Nik,4
28,first,Rok,4
28,first,Blaz,3
28,first,Jaka,3
28,first,Zak,2
28,first,Tim,2
28,first,Matic,2
28,first,Klemen,2
28,first,Aljaz,2
28,first,Bostjan,2
28,first,Jani,2
28,first,Andraz,2
28,first,Lovro,1
28,first,Tilen,1
28,first,Zan,1
28,first,Matevz,1
28,first,Mihael,1
28,first,Nejc,1
28,first,Vid,1
28,first,Gal,1
28,first,Miha,1
28,last,Pogacar,18
28,last,Roglic,14
28,last,Polanc,11
28,last,Mezgec,9
28,last,Mohoric,8
28,last,Tratnik,7
28,last,Spenst,6
28,last,Novak,5
28,last,Bozic,4
28,last,Korbar,4
28,last,Brajkovic,3
28,last,Bole,3
28,last,Fajt,2
28,last,Gorenc,2
28,last,Katrasnik,2
28,last,Pintar,2
28,last,Simon,2
28,last,Skok,2
28,last,Strancar,2
28,last,Sustic,2
28,last,Svab,1
28,last,Tasic,1
28,last,Tercek,1
28,last,Tibay,1
28,last,Trampusch,1
28,last,Vrecer,1
28,last,Zrimsek,1
28,last,Cerkovnik,1
28,last,Groselj,1
28,last,Murn,1
29,first,Joao,18
29,first,Rui,14
29,first,Nelson,11
29,first,Andre,9
29,first,Pedro,8
29,first,Tiago,7
29,first,Filipe,6
29,first,Bruno,5
29,first,Diogo,4
29,first,Ricardo,4
29,first,Miguel,3
29,first,Hugo,3
29,first,Tomas,2
29,first,Jose,2
29,first,Carlos,2
29,first,Daniel,2
29,first,David,2
29,first,Marco,2
29,first,Paulo,2
29,first,Sergio,2
29,first,Vitor,1
29,first,Nuno,1
29,first,Rafael,1
29,first,Antonio,1
29,first,Eduardo,1
29,first,Jorge,1
29,first,Luis,1
29,first,Manuel,1
29,first,Ruben,1
29,first,Bernardo,1
29,last,Oliveira,18
29,last,Almeida,14
29,last,Castro,11
29,last,Costa,9
29,last,Fernandes,8
29,last,Goncalves,7
29,last,Lopes,6
29,last,Marques,5
29,last,Martins,4
29,last,Nunes,4
29,last,Pereira,3
29,last,Pinto,3
29,last,Ribeiro,2
29,last,Rocha,2
29,last,Santos,2
29,last,Silva,2
29,last,Sousa,2
29,last,Vieira,2
29,last,Carvalho,2
29,last,Cardoso,2
29,last,Correia,1
29,last,Dias,1
29,last,Faria,1
29,last,Ferreira,1
29,last,Freitas,1
29,last,Leal,1
29,last,Macedo,1
29,last,Magalhaes,1
29,last,Mateus,1
29,last,Mendes,1
30,first,Rafal,18
30,first,Piotr,14
30,first,Tomasz,11
30,first,Michal,9
30,first,Kamil,8
30,first,Maciej,7
30,first,Kuba,6
30,first,Bartosz,5
30,first,Szymon,4
30,first,Adam,4
30,first,Dawid,3
30,first,Krzysztof,3
30,first,Lukasz,2
30,first,Marek,2
30,first,Marcin,2
30,first,Mateusz,2
30,first,Patryk,2
30,first,Pawel,2
30,first,Robert,2
30,first,Wojciech,2
30,first,Andrzej,1
30,first,Cezary,1
30,first,Dominik,1
30,first,Emil,1
30,first,Filip,1
30,last,Kowalski,18
30,last,Nowak,14
30,last,Wisniewski,11
30,last,Wojcik,9
30,last,Kowalczyk,8
30,last,Kaminski,7
30,last,Lewandowski,6
30,last,Zielinski,5
30,last,Szymanski,4
30,last,Wozniak,4
30,last,Kozlowski,3
30,last,Jankowski,3
30,last,Mazur,2
30,last,Krawczyk,2
30,last,Piotrowski,2
30,last,Grabowski,2
30,last,Nowakowski,2
30,last,Pawlak,2
30,last,Michalski,2
30,last,Adamczyk,2
30,last,Dudek,1
30,last,Zajac,1
30,last,Wieczorek,1
30,last,Jablonski,1
30,last,Baran,1
31,first,Sam,18
31,first,Ben,14
31,first,Dan,11
31,first,Ryan,9
31,first,Conor,8
31,first,Sean,7
31,first,Niall,6
31,first,Eoin,5
31,first,Brian,4
31,first,Mark,4
31,first,David,3
31,first,John,3
31,first,Michael,2
31,first,Paul,2
31,first,Patrick,2
31,first,Cathal,2
31,first,Declan,2
31,first,Donnacha,2
31,first,Eddie,2
31,first,Fionn,2
31,first,Jack,1
31,first,Liam,1
31,first,Luke,1
31,first,Matt,1
31,first,Oisin,1
31,last,OBrien,18
31,last,Sullivan,14
31,last,Walsh,11
31,last,Smith,9
31,last,Murphy,8
31,last,Byrne,7
31,last,Ryan,6
31,last,Connor,5
31,last,ONeill,4
31,last,Reilly,4
31,last,Doyle,3
31,last,McCarthy,3
31,last,Gallagher,2
31,last,Doherty,2
31,last,Kennedy,2
31,last,Lynch,2
31,last,Murray,2
31,last,Quinn,2
31,last,Brennan,2
31,last,Mooney,2
31,last,Power,1
31,last,Fitzgerald,1
31,last,Daly,1
31,last,Carroll,1
31,last,Casserly,1
32,first,John,18
32,first,James,14
32,first,David,11
32,first,Michael,9
32,first,Robert,8
32,first,William,7
32,first,Daniel,6
32,first,Mark,5
32,first,Paul,4
32,first,Peter,4
32,first,Thomas,3
32,first,Richard,3
32,first,George,2
32,first,Charles,2
32,first,Edward,2
32,first,Andrew,2
32,first,Patrick,2
32,first,Stephen,2
32,first,Brian,2
32,first,Kevin,2
32,last,Smith,18
32,last,Johnson,14
32,last,Williams,11
32,last,Brown,9
32,last,Jones,8
32,last,Miller,7
32,last,Davis,6
32,last,Wilson,5
32,last,Moore,4
32,last,Taylor,4
32,last,Anderson,3
32,last,Thomas,3
32,last,Jackson,2
32,last,White,2
32,last,Harris,2
32,last,Martin,2
32,last,Thompson,2
32,last,Garcia,2
32,last,Martinez,2
32,last,Robinson,2
33,first,Alexander,18
33,first,Dmitri,14
33,first,Sergei,11
33,first,Ivan,9
33,first,Mikhail,8
33,first,Alexei,7
33,first,Andrei,6
33,first,Nikolai,5
33,first,Pavel,4
33,first,Roman,4
33,first,Vladimir,3
33,first,Yevgeny,3
33,first,Igor,2
33,first,Maxim,2
33,first,Artem,2
33,first,Denis,2
33,first,Viktor,2
33,first,Boris,2
33,first,Gleb,2
33,first,Kirill,2
33,first,Konstantin,1
33,first,Leonid,1
33,first,Oleg,1
33,first,Petr,1
33,first,Stanislav,1
33,last,Ivanov,18
33,last,Petrov,14
33,last,Smirnov,11
33,last,Kuznetsov,9
33,last,Popov,8
33,last,Sokolov,7
33,last,Lebedev,6
33,last,Kozlov,5
33,last,Novikov,4
33,last,Morozov,4
33,last,Volkov,3
33,last,Alekseev,3
33,last,Fedorov,2
33,last,Mikhailov,2
33,last,Belyaev,2
33,last,Tarasov,2
33,last,Gusev,2
33,last,Titov,2
33,last,Kuzmin,2
33,last,Sidorov,2
33,last,Romanov,1
33,last,Stepanov,1
33,last,Nikolaev,1
33,last,Orlov,1
33,last,Andreev,1
34,first,John,18
34,first,James,14
34,first,David,11
34,first,Michael,9
34,first,Robert,8
34,first,William,7
34,first,Daniel,6
34,first,Mark,5
34,first,Paul,4
34,first,Peter,4
34,first,Thomas,3
34,first,Richard,3
34,first,George,2
34,first,Charles,2
34,first,Edward,2
34,first,Andrew,2
34,first,Patrick,2
34,first,Stephen,2
34,first,Brian,2
34,first,Kevin,2
34,first,Ian,1
34,first,Alex,1
34,first,Ben,1
34,first,Luke,1
34,first,Jake,1
34,last,Smith,18
34,last,Johnson,14
34,last,Williams,11
34,last,Brown,9
34,last,Jones,8
34,last,Miller,7
34,last,Davis,6
34,last,Wilson,5
34,last,Moore,4
34,last,Taylor,4
34,last,Anderson,3
34,last,Thomas,3
34,last,Jackson,2
34,last,White,2
34,last,Harris,2
34,last,Martin,2
34,last,Thompson,2
34,last,Garcia,2
34,last,Martinez,2
34,last,Robinson,2
34,last,Clark,1
34,last,Rodriguez,1
34,last,Lewis,1
34,last,Lee,1
34,last,Walker,1
35,first,John,18
35,first,James,14
35,first,David,11
35,first,Michael,9
35,first,Robert,8
35,first,William,7
35,first,Daniel,6
35,first,Mark,5
35,first,Paul,4
35,first,Peter,4
35,first,Thomas,3
35,first,Richard,3
35,first,George,2
35,first,Charles,2
35,first,Edward,2
35,first,Andrew,2
35,first,Patrick,2
35,first,Stephen,2
35,first,Brian,2
35,first,Kevin,2
35,first,Ian,1
35,first,Alex,1
35,first,Ben,1
35,first,Luke,1
35,first,Jake,1
35,last,Smith,18
35,last,Johnson,14
35,last,Williams,11
35,last,Brown,9
35,last,Jones,8
35,last,Miller,7
35,last,Davis,6
35,last,Wilson,5
35,last,Moore,4
35,last,Taylor,4
35,last,Anderson,3
35,last,Thomas,3
35,last,Jackson,2
35,last,White,2
35,last,Harris,2
35,last,Martin,2
35,last,Thompson,2
35,last,Garcia,2
35,last,Martinez,2
35,last,Robinson,2
35,last,Clark,1
35,last,Rodriguez,1
35,last,Lewis,1
35,last,Lee,1
35,last,Walker,1
36,first,John,18
36,first,James,14
36,first,David,11
36,first,Michael,9
36,first,Robert,8
36,first,William,7
36,first,Daniel,6
36,first,Mark,5
36,first,Paul,4
36,first,Peter,4
36,first,Thomas,3
36,first,Richard,3
36,first,George,2
36,first,Charles,2
36,first,Edward,2
36,first,Andrew,2
36,first,Patrick,2
36,first,Stephen,2
36,first,Brian,2
36,first,Kevin,2
36,first,Ian,1
36,first,Alex,1
36,first,Ben,1
36,first,Luke,1
36,first,Jake,1
36,last,Smith,18
36,last,Johnson,14
36,last,Williams,11
36,last,Brown,9
36,last,Jones,8
36,last,Miller,7
36,last,Davis,6
36,last,Wilson,5
36,last,Moore,4
36,last,Taylor,4
36,last,Anderson,3
36,last,Thomas,3
36,last,Jackson,2
36,last,White,2
36,last,Harris,2
36,last,Martin,2
36,last,Thompson,2
36,last,Garcia,2
36,last,Martinez,2
36,last,Robinson,2
36,last,Clark,1
36,last,Rodriguez,1
36,last,Lewis,1
36,last,Lee,1
36,last,Walker,1
37,first,John,18
37,first,James,14
37,first,David,11
37,first,Michael,9
37,first,Robert,8
37,first,William,7
37,first,Daniel,6
37,first,Mark,5
37,first,Paul,4
37,first,Peter,4
37,first,Thomas,3
37,first,Richard,3
37,first,George,2
37,first,Charles,2
37,first,Edward,2
37,first,Andrew,2
37,first,Patrick,2
37,first,Stephen,2
37,first,Brian,2
37,first,Kevin,2
37,first,Ian,1
37,first,Alex,1
37,first,Ben,1
37,first,Luke,1
37,first,Jake,1
37,last,Smith,18
37,last,Johnson,14
37,last,Williams,11
37,last,Brown,9
37,last,Jones,8
37,last,Miller,7
37,last,Davis,6
37,last,Wilson,5
37,last,Moore,4
37,last,Taylor,4
37,last,Anderson,3
37,last,Thomas,3
37,last,Jackson,2
37,last,White,2
37,last,Harris,2
37,last,Martin,2
37,last,Thompson,2
37,last,Garcia,2
37,last,Martinez,2
37,last,Robinson,2
37,last,Clark,1
37,last,Rodriguez,1
37,last,Lewis,1
37,last,Lee,1
37,last,Walker,1
38,first,Alexander,18
38,first,Dmitri,14
38,first,Sergei,11
38,first,Ivan,9
38,first,Mikhail,8
38,first,Alexei,7
38,first,Andrei,6
38,first,Nikolai,5
38,first,Pavel,4
38,first,Roman,4
38,first,Vladimir,3
38,first,Yevgeny,3
38,first,Igor,2
38,first,Maxim,2
38,first,Artem,2
38,first,Denis,2
38,first,Viktor,2
38,first,Boris,2
38,first,Gleb,2
38,first,Kirill,2
38,last,Ivanov,18
38,last,Petrov,14
38,last,Smirnov,11
38,last,Kuznetsov,9
38,last,Popov,8
38,last,Sokolov,7
38,last,Lebedev,6
38,last,Kozlov,5
38,last,Novikov,4
38,last,Morozov,4
38,last,Volkov,3
38,last,Alekseev,3
38,last,Fedorov,2
38,last,Mikhailov,2
38,last,Belyaev,2
38,last,Tarasov,2
38,last,Gusev,2
38,last,Titov,2
38,last,Kuzmin,2
38,last,Sidorov,2
39,first,John,18
39,first,James,14
39,first,David,11
39,first,Michael,9
39,first,Robert,8
39,first,William,7
39,first,Daniel,6
39,first,Mark,5
39,first,Paul,4
39,first,Peter,4
39,first,Thomas,3
39,first,Richard,3
39,first,George,2
39,first,Charles,2
39,first,Edward,2
39,last,Smith,18
39,last,Johnson,14
39,last,Williams,11
39,last,Brown,9
39,last,Jones,8
39,last,Miller,7
39,last,Davis,6
39,last,Wilson,5
39,last,Moore,4
39,last,Taylor,4
39,last,Anderson,3
39,last,Thomas,3
39,last,Jackson,2
39,last,White,2
39,last,Harris,2
40,first,Alexander,18
40,first,Dmitri,14
40,first,Sergei,11
40,first,Ivan,9
40,first,Mikhail,8
40,first,Alexei,7
40,first,Andrei,6
40,first,Nikolai,5
40,first,Pavel,4
40,first,Roman,4
40,first,Vladimir,3
40,first,Yevgeny,3
40,first,Igor,2
40,first,Maxim,2
40,first,Artem,2
40,first,Denis,2
40,first,Viktor,2
40,first,Boris,2
40,first,Gleb,2
40,first,Kirill,2
40,first,Konstantin,1
40,first,Leonid,1
40,first,Oleg,1
40,first,Petr,1
40,first,Stanislav,1
40,last,Ivanov,18
40,last,Petrov,14
40,last,Smirnov,11
40,last,Kuznetsov,9
40,last,Popov,8
40,last,Sokolov,7
40,last,Lebedev,6
40,last,Kozlov,5
40,last,Novikov,4
40,last,Morozov,4
40,last,Volkov,3
40,last,Alekseev,3
40,last,Fedorov,2
40,last,Mikhailov,2
40,last,Belyaev,2
40,last,Tarasov,2
40,last,Gusev,2
40,last,Titov,2
40,last,Kuzmin,2
40,last,Sidorov,2
40,last,Romanov,1
40,last,Stepanov,1
40,last,Nikolaev,1
40,last,Orlov,1
40,last,Andreev,1
41,first,Samuel,18
41,first,Pierre,14
41,first,Jean,11
41,first,Paul,9
41,first,André,8
41,first,Emmanuel,7
41,first,Eric,6
41,first,Daniel,5
41,first,David,4
41,first,Joseph,4
41,first,Michel,3
41,first,Alain,3
41,first,Marc,2
41,first,Patrick,2
41,first,Robert,2
41,first,Roger,2
41,first,Serge,2
41,first,Stéphane,2
41,first,Yann,2
41,first,Yves,2
41,first,Christian,1
41,first,Georges,1
41,first,Henri,1
41,first,Jacques,1
41,first,Laurent,1
41,last,Mensah,18
41,last,Asante,14
41,last,Owusu,11
41,last,Acheampong,9
41,last,Osei,8
41,last,Adjei,7
41,last,Boateng,6
41,last,Agyei,5
41,last,Amoah,4
41,last,Darko,4
41,last,Donkor,3
41,last,Kufuor,3
41,last,Agyeman,2
41,last,Agyekum,2
41,last,Appiah,2
41,last,Asare,2
41,last,Ata,2
41,last,Baffoe,2
41,last,Boakye,2
41,last,Bonsu,2
41,last,Dankwah,1
41,last,Fosu,1
41,last,Gyasi,1
41,last,Karikari,1
41,last,Kusi,1
42,first,Samuel,18
42,first,Pierre,14
42,first,Jean,11
42,first,Paul,9
42,first,André,8
42,first,Emmanuel,7
42,first,Eric,6
42,first,Daniel,5
42,first,David,4
42,first,Joseph,4
42,first,Michel,3
42,first,Alain,3
42,first,Marc,2
42,first,Patrick,2
42,first,Robert,2
42,first,Roger,2
42,first,Serge,2
42,first,Stéphane,2
42,first,Yann,2
42,first,Yves,2
42,last,Mensah,18
42,last,Asante,14
42,last,Owusu,11
42,last,Acheampong,9
42,last,Osei,8
42,last,Adjei,7
42,last,Boateng,6
42,last,Agyei,5
42,last,Amoah,4
42,last,Darko,4
42,last,Donkor,3
42,last,Kufuor,3
42,last,Agyeman,2
42,last,Agyekum,2
42,last,Appiah,2
42,last,Asare,2
42,last,Ata,2
42,last,Baffoe,2
42,last,Boakye,2
42,last,Bonsu,2
43,first,Alexander,18
43,first,Dmitri,14
43,first,Sergei,11
43,first,Ivan,9
43,first,Mikhail,8
43,first,Alexei,7
43,first,Andrei,6
43,first,Nikolai,5
43,first,Pavel,4
43,first,Roman,4
43,first,Vladimir,3
43,first,Yevgeny,3
43,first,Igor,2
43,first,Maxim,2
43,first,Artem,2
43,last,Ivanov,18
43,last,Petrov,14
43,last,Smirnov,11
43,last,Kuznetsov,9
43,last,Popov,8
43,last,Sokolov,7
43,last,Lebedev,6
43,last,Kozlov,5
43,last,Novikov,4
43,last,Morozov,4
43,last,Volkov,3
43,last,Alekseev,3
43,last,Fedorov,2
43,last,Mikhailov,2
43,last,Belyaev,2
44,first,Alexander,18
44,first,Dmitri,14
44,first,Sergei,11
44,first,Ivan,9
44,first,Mikhail,8
44,first,Alexei,7
44,first,Andrei,6
44,first,Nikolai,5
44,first,Pavel,4
44,first,Roman,4
44,first,Vladimir,3
44,first,Yevgeny,3
44,first,Igor,2
44,first,Maxim,2
44,first,Artem,2
44,first,Denis,2
44,first,Viktor,2
44,first,Boris,2
44,first,Gleb,2
44,first,Kirill,2
44,last,Ivanov,18
44,last,Petrov,14
44,last,Smirnov,11
44,last,Kuznetsov,9
44,last,Popov,8
44,last,Sokolov,7
44,last,Lebedev,6
44,last,Kozlov,5
44,last,Novikov,4
44,last,Morozov,4
44,last,Volkov,3
44,last,Alekseev,3
44,last,Fedorov,2
44,last,Mikhailov,2
44,last,Belyaev,2
44,last,Tarasov,2
44,last,Gusev,2
44,last,Titov,2
44,last,Kuzmin,2
44,last,Sidorov,2
45,first,Juan,18
45,first,José,14
45,first,Luis,11
45,first,Carlos,9
45,first,Miguel,8
45,first,Antonio,7
45,first,Francisco,6
45,first,Diego,5
45,first,Pablo,4
45,first,Santiago,4
45,first,Mateo,3
45,first,Nicolás,3
45,first,Tomás,2
45,first,Pedro,2
45,first,Manuel,2
45,first,Rafael,2
45,first,Javier,2
45,first,Mario,2
45,first,Sergio,2
45,first,Ricardo,2
45,last,González,18
45,last,Rodríguez,14
45,last,Gómez,11
45,last,Fernández,9
45,last,López,8
45,last,Díaz,7
45,last,Martínez,6
45,last,Pérez,5
45,last,Sánchez,4
45,last,Romero,4
45,last,Sosa,3
45,last,Alvarez,3
45,last,Benítez,2
45,last,Castro,2
45,last,Domínguez,2
45,last,Espinoza,2
45,last,Farias,2
45,last,Giménez,2
45,last,Heredia,2
45,last,Ibarra,2
46,first,Juan,18
46,first,José,14
46,first,Luis,11
46,first,Carlos,9
46,first,Miguel,8
46,first,Antonio,7
46,first,Francisco,6
46,first,Diego,5
46,first,Pablo,4
46,first,Santiago,4
46,first,Mateo,3
46,first,Nicolás,3
46,first,Tomás,2
46,first,Pedro,2
46,first,Manuel,2
46,first,Rafael,2
46,first,Javier,2
46,first,Mario,2
46,first,Sergio,2
46,first,Ricardo,2
46,last,González,18
46,last,Rodríguez,14
46,last,Gómez,11
46,last,Fernández,9
46,last,López,8
46,last,Díaz,7
46,last,Martínez,6
46,last,Pérez,5
46,last,Sánchez,4
46,last,Romero,4
46,last,Sosa,3
46,last,Alvarez,3
46,last,Benítez,2
46,last,Castro,2
46,last,Domínguez,2
46,last,Espinoza,2
46,last,Farias,2
46,last,Giménez,2
46,last,Heredia,2
46,last,Ibarra,2
47,first,John,18
47,first,James,14
47,first,David,11
47,first,Michael,9
47,first,Robert,8
47,first,William,7
47,first,Daniel,6
47,first,Mark,5
47,first,Paul,4
47,first,Peter,4
47,first,Thomas,3
47,first,Richard,3
47,first,George,2
47,first,Charles,2
47,first,Edward,2
47,first,Andrew,2
47,first,Patrick,2
47,first,Stephen,2
47,first,Brian,2
47,first,Kevin,2
47,last,Smith,18
47,last,Johnson,14
47,last,Williams,11
47,last,Brown,9
47,last,Jones,8
47,last,Miller,7
47,last,Davis,6
47,last,Wilson,5
47,last,Moore,4
47,last,Taylor,4
47,last,Anderson,3
47,last,Thomas,3
47,last,Jackson,2
47,last,White,2
47,last,Harris,2
47,last,Martin,2
47,last,Thompson,2
47,last,Garcia,2
47,last,Martinez,2
47,last,Robinson,2
48,first,Wei,18
48,first,Min,14
48,first,Jun,11
48,first,Hyun,9
48,first,Sung,8
48,first,Won,7
48,first,Tae,6
48,first,Ho,5
48,first,Ki,4
48,first,Sang,4
48,first,Seung,3
48,first,Young,3
48,first,Chul,2
48,first,Dong,2
48,first,Hak,2
48,last,Kim,18
48,last,Lee,14
48,last,Park,11
48,last,Choi,9
48,last,Jung,8
48,last,Kang,7
48,last,Cho,6
48,last,Yoon,5
48,last,Jang,4
48,last,Lim,4
48,last,Han,3
48,last,Shin,3
48,last,Seo,2
48,last,Kwon,2
48,last,Yang,2
49,first,John,18
49,first,James,14
49,first,David,11
49,first,Michael,9
49,first,Robert,8
49,first,William,7
49,first,Daniel,6
49,first,Mark,5
49,first,Paul,4
49,first,Peter,4
49,first,Thomas,3
49,first,Richard,3
49,first,George,2
49,first,Charles,2
49,first,Edward,2
49,last,Smith,18
49,last,Johnson,14
49,last,Williams,11
49,last,Brown,9
49,last,Jones,8
49,last,Miller,7
49,last,Davis,6
49,last,Wilson,5
49,last,Moore,4
49,last,Taylor,4
49,last,Anderson,3
49,last,Thomas,3
49,last,Jackson,2
49,last,White,2
49,last,Harris,2
50,first,John,18
50,first,James,14
50,first,David,11
50,first,Michael,9
50,first,Robert,8
50,first,William,7
50,first,Daniel,6
50,first,Mark,5
50,first,Paul,4
50,first,Peter,4
50,first,Thomas,3
50,first,Richard,3
50,first,George,2
50,first,Charles,2
50,first,Edward,2
50,first,Andrew,2
50,first,Patrick,2
50,first,Stephen,2
50,first,Brian,2
50,first,Kevin,2
50,last,Smith,18
50,last,Johnson,14
50,last,Williams,11
50,last,Brown,9
50,last,Jones,8
50,last,Miller,7
50,last,Davis,6
50,last,Wilson,5
50,last,Moore,4
50,last,Taylor,4
50,last,Anderson,3
50,last,Thomas,3
50,last,Jackson,2
50,last,White,2
50,last,Harris,2
50,last,Martin,2
50,last,Thompson,2
50,last,Garcia,2
50,last,Martinez,2
50,last,Robinson,2
51,first,Juan,18
51,first,José,14
51,first,Luis,11
51,first,Carlos,9
51,first,Miguel,8
51,first,Antonio,7
51,first,Francisco,6
51,first,Diego,5
51,first,Pablo,4
51,first,Santiago,4
51,first,Mateo,3
51,first,Nicolás,3
51,first,Tomás,2
51,first,Pedro,2
51,first,Manuel,2
51,last,González,18
51,last,Rodríguez,14
51,last,Gómez,11
51,last,Fernández,9
51,last,López,8
51,last,Díaz,7
51,last,Martínez,6
51,last,Pérez,5
51,last,Sánchez,4
51,last,Romero,4
51,last,Sosa,3
51,last,Alvarez,3
51,last,Benítez,2
51,last,Castro,2
51,last,Domínguez,2
52,first,Samuel,18
52,first,Pierre,14
52,first,Jean,11
52,first,Paul,9
52,first,André,8
52,first,Emmanuel,7
52,first,Eric,6
52,first,Daniel,5
52,first,David,4
52,first,Joseph,4
52,first,Michel,3
52,first,Alain,3
52,first,Marc,2
52,first,Patrick,2
52,first,Robert,2
52,first,Roger,2
52,first,Serge,2
52,first,Stéphane,2
52,first,Yann,2
52,first,Yves,2
52,last,Mensah,18
52,last,Asante,14
52,last,Owusu,11
52,last,Acheampong,9
52,last,Osei,8
52,last,Adjei,7
52,last,Boateng,6
52,last,Agyei,5
52,last,Amoah,4
52,last,Darko,4
52,last,Donkor,3
52,last,Kufuor,3
52,last,Agyeman,2
52,last,Agyekum,2
52,last,Appiah,2
52,last,Asare,2
52,last,Ata,2
52,last,Baffoe,2
52,last,Boakye,2
52,last,Bonsu,2
53,first,Mohammed,18
53,first,Ahmed,14
53,first,Ali,11
53,first,Khalid,9
53,first,Hassan,8
53,first,Hussein,7
53,first,Omar,6
53,first,Ibrahim,5
53,first,Yusuf,4
53,first,Hamad,4
53,first,Fahad,3
53,first,Abdullah,3
53,first,Abdul,2
53,first,Saeed,2
53,first,Salem,2
53,last,Al-Saud,18
53,last,Al-Sheikh,14
53,last,Al-Mutairi,11
53,last,Al-Otaibi,9
53,last,Al-Harbi,8
53,last,Al-Ghamdi,7
53,last,Al-Qahtani,6
53,last,Al-Husseini,5
53,last,Al-Ali,4
53,last,Al-Sayed,4
53,last,Al-Mahmoud,3
53,last,Al-Hassan,3
53,last,Al-Rashid,2
53,last,Al-Najjar,2
53,last,Al-Khalil,2
54,first,Alexander,18
54,first,Dmitri,14
54,first,Sergei,11
54,first,Ivan,9
54,first,Mikhail,8
54,first,Alexei,7
54,first,Andrei,6
54,first,Nikolai,5
54,first,Pavel,4
54,first,Roman,4
54,first,Vladimir,3
54,first,Yevgeny,3
54,first,Igor,2
54,first,Maxim,2
54,first,Artem,2
54,first,Denis,2
54,first,Viktor,2
54,first,Boris,2
54,first,Gleb,2
54,first,Kirill,2
54,last,Ivanov,18
54,last,Petrov,14
54,last,Smirnov,11
54,last,Kuznetsov,9
54,last,Popov,8
54,last,Sokolov,7
54,last,Lebedev,6
54,last,Kozlov,5
54,last,Novikov,4
54,last,Morozov,4
54,last,Volkov,3
54,last,Alekseev,3
54,last,Fedorov,2
54,last,Mikhailov,2
54,last,Belyaev,2
54,last,Tarasov,2
54,last,Gusev,2
54,last,Titov,2
54,last,Kuzmin,2
54,last,Sidorov,2
55,first,John,18
55,first,James,14
55,first,David,11
55,first,Michael,9
55,first,Robert,8
55,first,William,7
55,first,Daniel,6
55,first,Mark,5
55,first,Paul,4
55,first,Peter,4
55,first,Thomas,3
55,first,Richard,3
55,first,George,2
55,first,Charles,2
55,first,Edward,2
55,first,Andrew,2
55,first,Patrick,2
55,first,Stephen,2
55,first,Brian,2
55,first,Kevin,2
55,last,Smith,18
55,last,Johnson,14
55,last,Williams,11
55,last,Brown,9
55,last,Jones,8
55,last,Miller,7
55,last,Davis,6
55,last,Wilson,5
55,last,Moore,4
55,last,Taylor,4
55,last,Anderson,3
55,last,Thomas,3
55,last,Jackson,2
55,last,White,2
55,last,Harris,2
55,last,Martin,2
55,last,Thompson,2
55,last,Garcia,2
55,last,Martinez,2
55,last,Robinson,2
56,first,Juan,18
56,first,José,14
56,first,Luis,11
56,first,Carlos,9
56,first,Miguel,8
56,first,Antonio,7
56,first,Francisco,6
56,first,Diego,5
56,first,Pablo,4
56,first,Santiago,4
56,first,Mateo,3
56,first,Nicolás,3
56,first,Tomás,2
56,first,Pedro,2
56,first,Manuel,2
56,first,Rafael,2
56,first,Javier,2
56,first,Mario,2
56,first,Sergio,2
56,first,Ricardo,2
56,last,González,18
56,last,Rodríguez,14
56,last,Gómez,11
56,last,Fernández,9
56,last,López,8
56,last,Díaz,7
56,last,Martínez,6
56,last,Pérez,5
56,last,Sánchez,4
56,last,Romero,4
56,last,Sosa,3
56,last,Alvarez,3
56,last,Benítez,2
56,last,Castro,2
56,last,Domínguez,2
56,last,Espinoza,2
56,last,Farias,2
56,last,Giménez,2
56,last,Heredia,2
56,last,Ibarra,2
57,first,Wei,18
57,first,Min,14
57,first,Jun,11
57,first,Hyun,9
57,first,Sung,8
57,first,Won,7
57,first,Tae,6
57,first,Ho,5
57,first,Ki,4
57,first,Sang,4
57,first,Seung,3
57,first,Young,3
57,first,Chul,2
57,first,Dong,2
57,first,Hak,2
57,last,Kim,18
57,last,Lee,14
57,last,Park,11
57,last,Choi,9
57,last,Jung,8
57,last,Kang,7
57,last,Cho,6
57,last,Yoon,5
57,last,Jang,4
57,last,Lim,4
57,last,Han,3
57,last,Shin,3
57,last,Seo,2
57,last,Kwon,2
57,last,Yang,2
58,first,Samuel,18
58,first,Pierre,14
58,first,Jean,11
58,first,Paul,9
58,first,André,8
58,first,Emmanuel,7
58,first,Eric,6
58,first,Daniel,5
58,first,David,4
58,first,Joseph,4
58,first,Michel,3
58,first,Alain,3
58,first,Marc,2
58,first,Patrick,2
58,first,Robert,2
58,first,Roger,2
58,first,Serge,2
58,first,Stéphane,2
58,first,Yann,2
58,first,Yves,2
58,last,Mensah,18
58,last,Asante,14
58,last,Owusu,11
58,last,Acheampong,9
58,last,Osei,8
58,last,Adjei,7
58,last,Boateng,6
58,last,Agyei,5
58,last,Amoah,4
58,last,Darko,4
58,last,Donkor,3
58,last,Kufuor,3
58,last,Agyeman,2
58,last,Agyekum,2
58,last,Appiah,2
58,last,Asare,2
58,last,Ata,2
58,last,Baffoe,2
58,last,Boakye,2
58,last,Bonsu,2
59,first,Mohammed,18
59,first,Ahmed,14
59,first,Ali,11
59,first,Khalid,9
59,first,Hassan,8
59,first,Hussein,7
59,first,Omar,6
59,first,Ibrahim,5
59,first,Yusuf,4
59,first,Hamad,4
59,first,Fahad,3
59,first,Abdullah,3
59,first,Abdul,2
59,first,Saeed,2
59,first,Salem,2
59,last,Al-Saud,18
59,last,Al-Sheikh,14
59,last,Al-Mutairi,11
59,last,Al-Otaibi,9
59,last,Al-Harbi,8
59,last,Al-Ghamdi,7
59,last,Al-Qahtani,6
59,last,Al-Husseini,5
59,last,Al-Ali,4
59,last,Al-Sayed,4
59,last,Al-Mahmoud,3
59,last,Al-Hassan,3
59,last,Al-Rashid,2
59,last,Al-Najjar,2
59,last,Al-Khalil,2
60,first,Luca,18
60,first,Marco,14
60,first,Alessandro,11
60,first,Andrea,9
60,first,Francesco,8
60,first,Davide,7
60,first,Matteo,6
60,first,Lorenzo,5
60,first,Stefano,4
60,first,Simone,4
60,first,Diego,3
60,first,Federico,3
60,first,Riccardo,2
60,first,Antonio,2
60,first,Giuseppe,2
60,first,Giovanni,2
60,first,Paolo,2
60,first,Carlo,2
60,first,Roberto,2
60,first,Alberto,2
60,last,Rossi,18
60,last,Ferrari,14
60,last,Bianchi,11
60,last,Romano,9
60,last,Colombo,8
60,last,Ricci,7
60,last,Marino,6
60,last,Greco,5
60,last,Bruno,4
60,last,Gallo,4
60,last,Costa,3
60,last,De Luca,3
60,last,Mancini,2
60,last,Giordano,2
60,last,Rizzo,2
60,last,Lombardi,2
60,last,Moretti,2
60,last,Barbieri,2
60,last,Fontana,2
60,last,Santoro,2
61,first,Juan,18
61,first,José,14
61,first,Luis,11
61,first,Carlos,9
61,first,Miguel,8
61,first,Antonio,7
61,first,Francisco,6
61,first,Diego,5
61,first,Pablo,4
61,first,Santiago,4
61,first,Mateo,3
61,first,Nicolás,3
61,first,Tomás,2
61,first,Pedro,2
61,first,Manuel,2
61,first,Rafael,2
61,first,Javier,2
61,first,Mario,2
61,first,Sergio,2
61,first,Ricardo,2
61,last,González,18
61,last,Rodríguez,14
61,last,Gómez,11
61,last,Fernández,9
61,last,López,8
61,last,Díaz,7
61,last,Martínez,6
61,last,Pérez,5
61,last,Sánchez,4
61,last,Romero,4
61,last,Sosa,3
61,last,Alvarez,3
61,last,Benítez,2
61,last,Castro,2
61,last,Domínguez,2
61,last,Espinoza,2
61,last,Farias,2
61,last,Giménez,2
61,last,Heredia,2
61,last,Ibarra,2
62,first,Samuel,18
62,first,Pierre,14
62,first,Jean,11
62,first,Paul,9
62,first,André,8
62,first,Emmanuel,7
62,first,Eric,6
62,first,Daniel,5
62,first,David,4
62,first,Joseph,4
62,first,Michel,3
62,first,Alain,3
62,first,Marc,2
62,first,Patrick,2
62,first,Robert,2
62,last,Mensah,18
62,last,Asante,14
62,last,Owusu,11
62,last,Acheampong,9
62,last,Osei,8
62,last,Adjei,7
62,last,Boateng,6
62,last,Agyei,5
62,last,Amoah,4
62,last,Darko,4
62,last,Donkor,3
62,last,Kufuor,3
62,last,Agyeman,2
62,last,Agyekum,2
62,last,Appiah,2
63,first,John,18
63,first,James,14
63,first,David,11
63,first,Michael,9
63,first,Robert,8
63,first,William,7
63,first,Daniel,6
63,first,Mark,5
63,first,Paul,4
63,first,Peter,4
63,first,Thomas,3
63,first,Richard,3
63,first,George,2
63,first,Charles,2
63,first,Edward,2
63,last,Smith,18
63,last,Johnson,14
63,last,Williams,11
63,last,Brown,9
63,last,Jones,8
63,last,Miller,7
63,last,Davis,6
63,last,Wilson,5
63,last,Moore,4
63,last,Taylor,4
63,last,Anderson,3
63,last,Thomas,3
63,last,Jackson,2
63,last,White,2
63,last,Harris,2
64,first,Luca,18
64,first,Marco,14
64,first,Alessandro,11
64,first,Andrea,9
64,first,Francesco,8
64,first,Davide,7
64,first,Matteo,6
64,first,Lorenzo,5
64,first,Stefano,4
64,first,Simone,4
64,first,Diego,3
64,first,Federico,3
64,first,Riccardo,2
64,first,Antonio,2
64,first,Giuseppe,2
64,first,Giovanni,2
64,first,Paolo,2
64,first,Carlo,2
64,first,Roberto,2
64,first,Alberto,2
64,last,Rossi,18
64,last,Ferrari,14
64,last,Bianchi,11
64,last,Romano,9
64,last,Colombo,8
64,last,Ricci,7
64,last,Marino,6
64,last,Greco,5
64,last,Bruno,4
64,last,Gallo,4
64,last,Costa,3
64,last,De Luca,3
64,last,Mancini,2
64,last,Giordano,2
64,last,Rizzo,2
64,last,Lombardi,2
64,last,Moretti,2
64,last,Barbieri,2
64,last,Fontana,2
64,last,Santoro,2
65,first,Luca,18
65,first,Marco,14
65,first,Alessandro,11
65,first,Andrea,9
65,first,Francesco,8
65,first,Davide,7
65,first,Matteo,6
65,first,Lorenzo,5
65,first,Stefano,4
65,first,Simone,4
65,first,Diego,3
65,first,Federico,3
65,first,Riccardo,2
65,first,Antonio,2
65,first,Giuseppe,2
65,last,Rossi,18
65,last,Ferrari,14
65,last,Bianchi,11
65,last,Romano,9
65,last,Colombo,8
65,last,Ricci,7
65,last,Marino,6
65,last,Greco,5
65,last,Bruno,4
65,last,Gallo,4
65,last,Costa,3
65,last,De Luca,3
65,last,Mancini,2
65,last,Giordano,2
65,last,Rizzo,2
66,first,Mohammed,18
66,first,Ahmed,14
66,first,Ali,11
66,first,Khalid,9
66,first,Hassan,8
66,first,Hussein,7
66,first,Omar,6
66,first,Ibrahim,5
66,first,Yusuf,4
66,first,Hamad,4
66,first,Fahad,3
66,first,Abdullah,3
66,first,Abdul,2
66,first,Saeed,2
66,first,Salem,2
66,last,Al-Saud,18
66,last,Al-Sheikh,14
66,last,Al-Mutairi,11
66,last,Al-Otaibi,9
66,last,Al-Harbi,8
66,last,Al-Ghamdi,7
66,last,Al-Qahtani,6
66,last,Al-Husseini,5
66,last,Al-Ali,4
66,last,Al-Sayed,4
66,last,Al-Mahmoud,3
66,last,Al-Hassan,3
66,last,Al-Rashid,2
66,last,Al-Najjar,2
66,last,Al-Khalil,2
67,first,Juan,18
67,first,José,14
67,first,Luis,11
67,first,Carlos,9
67,first,Miguel,8
67,first,Antonio,7
67,first,Francisco,6
67,first,Diego,5
67,first,Pablo,4
67,first,Santiago,4
67,first,Mateo,3
67,first,Nicolás,3
67,first,Tomás,2
67,first,Pedro,2
67,first,Manuel,2
67,last,González,18
67,last,Rodríguez,14
67,last,Gómez,11
67,last,Fernández,9
67,last,López,8
67,last,Díaz,7
67,last,Martínez,6
67,last,Pérez,5
67,last,Sánchez,4
67,last,Romero,4
67,last,Sosa,3
67,last,Alvarez,3
67,last,Benítez,2
67,last,Castro,2
67,last,Domínguez,2
68,first,Mohammed,18
68,first,Ahmed,14
68,first,Ali,11
68,first,Khalid,9
68,first,Hassan,8
68,first,Hussein,7
68,first,Omar,6
68,first,Ibrahim,5
68,first,Yusuf,4
68,first,Hamad,4
68,first,Fahad,3
68,first,Abdullah,3
68,first,Abdul,2
68,first,Saeed,2
68,first,Salem,2
68,last,Al-Saud,18
68,last,Al-Sheikh,14
68,last,Al-Mutairi,11
68,last,Al-Otaibi,9
68,last,Al-Harbi,8
68,last,Al-Ghamdi,7
68,last,Al-Qahtani,6
68,last,Al-Husseini,5
68,last,Al-Ali,4
68,last,Al-Sayed,4
68,last,Al-Mahmoud,3
68,last,Al-Hassan,3
68,last,Al-Rashid,2
68,last,Al-Najjar,2
68,last,Al-Khalil,2
69,first,John,18
69,first,James,14
69,first,David,11
69,first,Michael,9
69,first,Robert,8
69,first,William,7
69,first,Daniel,6
69,first,Mark,5
69,first,Paul,4
69,first,Peter,4
69,first,Thomas,3
69,first,Richard,3
69,first,George,2
69,first,Charles,2
69,first,Edward,2
69,first,Andrew,2
69,first,Patrick,2
69,first,Stephen,2
69,first,Brian,2
69,first,Kevin,2
69,last,Smith,18
69,last,Johnson,14
69,last,Williams,11
69,last,Brown,9
69,last,Jones,8
69,last,Miller,7
69,last,Davis,6
69,last,Wilson,5
69,last,Moore,4
69,last,Taylor,4
69,last,Anderson,3
69,last,Thomas,3
69,last,Jackson,2
69,last,White,2
69,last,Harris,2
69,last,Martin,2
69,last,Thompson,2
69,last,Garcia,2
69,last,Martinez,2
69,last,Robinson,2
70,first,John,18
70,first,James,14
70,first,David,11
70,first,Michael,9
70,first,Robert,8
70,first,William,7
70,first,Daniel,6
70,first,Mark,5
70,first,Paul,4
70,first,Peter,4
70,first,Thomas,3
70,first,Richard,3
70,first,George,2
70,first,Charles,2
70,first,Edward,2
70,first,Andrew,2
70,first,Patrick,2
70,first,Stephen,2
70,first,Brian,2
70,first,Kevin,2
70,last,Smith,18
70,last,Johnson,14
70,last,Williams,11
70,last,Brown,9
70,last,Jones,8
70,last,Miller,7
70,last,Davis,6
70,last,Wilson,5
70,last,Moore,4
70,last,Taylor,4
70,last,Anderson,3
70,last,Thomas,3
70,last,Jackson,2
70,last,White,2
70,last,Harris,2
70,last,Martin,2
70,last,Thompson,2
70,last,Garcia,2
70,last,Martinez,2
70,last,Robinson,2
71,first,Luca,18
71,first,Marco,14
71,first,Alessandro,11
71,first,Andrea,9
71,first,Francesco,8
71,first,Davide,7
71,first,Matteo,6
71,first,Lorenzo,5
71,first,Stefano,4
71,first,Simone,4
71,first,Diego,3
71,first,Federico,3
71,first,Riccardo,2
71,first,Antonio,2
71,first,Giuseppe,2
71,first,Giovanni,2
71,first,Paolo,2
71,first,Carlo,2
71,first,Roberto,2
71,first,Alberto,2
71,last,Rossi,18
71,last,Ferrari,14
71,last,Bianchi,11
71,last,Romano,9
71,last,Colombo,8
71,last,Ricci,7
71,last,Marino,6
71,last,Greco,5
71,last,Bruno,4
71,last,Gallo,4
71,last,Costa,3
71,last,De Luca,3
71,last,Mancini,2
71,last,Giordano,2
71,last,Rizzo,2
71,last,Lombardi,2
71,last,Moretti,2
71,last,Barbieri,2
71,last,Fontana,2
71,last,Santoro,2
72,first,Samuel,18
72,first,Pierre,14
72,first,Jean,11
72,first,Paul,9
72,first,André,8
72,first,Emmanuel,7
72,first,Eric,6
72,first,Daniel,5
72,first,David,4
72,first,Joseph,4
72,first,Michel,3
72,first,Alain,3
72,first,Marc,2
72,first,Patrick,2
72,first,Robert,2
72,last,Mensah,18
72,last,Asante,14
72,last,Owusu,11
72,last,Acheampong,9
72,last,Osei,8
72,last,Adjei,7
72,last,Boateng,6
72,last,Agyei,5
72,last,Amoah,4
72,last,Darko,4
72,last,Donkor,3
72,last,Kufuor,3
72,last,Agyeman,2
72,last,Agyekum,2
72,last,Appiah,2
73,first,Samuel,18
73,first,Pierre,14
73,first,Jean,11
73,first,Paul,9
73,first,André,8
73,first,Emmanuel,7
73,first,Eric,6
73,first,Daniel,5
73,first,David,4
73,first,Joseph,4
73,first,Michel,3
73,first,Alain,3
73,first,Marc,2
73,first,Patrick,2
73,first,Robert,2
73,last,Mensah,18
73,last,Asante,14
73,last,Owusu,11
73,last,Acheampong,9
73,last,Osei,8
73,last,Adjei,7
73,last,Boateng,6
73,last,Agyei,5
73,last,Amoah,4
73,last,Darko,4
73,last,Donkor,3
73,last,Kufuor,3
73,last,Agyeman,2
73,last,Agyekum,2
73,last,Appiah,2
74,first,Samuel,18
74,first,Pierre,14
74,first,Jean,11
74,first,Paul,9
74,first,André,8
74,first,Emmanuel,7
74,first,Eric,6
74,first,Daniel,5
74,first,David,4
74,first,Joseph,4
74,first,Michel,3
74,first,Alain,3
74,first,Marc,2
74,first,Patrick,2
74,first,Robert,2
74,first,Roger,2
74,first,Serge,2
74,first,Stéphane,2
74,first,Yann,2
74,first,Yves,2
74,last,Mensah,18
74,last,Asante,14
74,last,Owusu,11
74,last,Acheampong,9
74,last,Osei,8
74,last,Adjei,7
74,last,Boateng,6
74,last,Agyei,5
74,last,Amoah,4
74,last,Darko,4
74,last,Donkor,3
74,last,Kufuor,3
74,last,Agyeman,2
74,last,Agyekum,2
74,last,Appiah,2
74,last,Asare,2
74,last,Ata,2
74,last,Baffoe,2
74,last,Boakye,2
74,last,Bonsu,2
75,first,Samuel,18
75,first,Pierre,14
75,first,Jean,11
75,first,Paul,9
75,first,André,8
75,first,Emmanuel,7
75,first,Eric,6
75,first,Daniel,5
75,first,David,4
75,first,Joseph,4
75,first,Michel,3
75,first,Alain,3
75,first,Marc,2
75,first,Patrick,2
75,first,Robert,2
75,last,Mensah,18
75,last,Asante,14
75,last,Owusu,11
75,last,Acheampong,9
75,last,Osei,8
75,last,Adjei,7
75,last,Boateng,6
75,last,Agyei,5
75,last,Amoah,4
75,last,Darko,4
75,last,Donkor,3
75,last,Kufuor,3
75,last,Agyeman,2
75,last,Agyekum,2
75,last,Appiah,2
76,first,John,18
76,first,James,14
76,first,David,11
76,first,Michael,9
76,first,Robert,8
76,first,William,7
76,first,Daniel,6
76,first,Mark,5
76,first,Paul,4
76,first,Peter,4
76,first,Thomas,3
76,first,Richard,3
76,first,George,2
76,first,Charles,2
76,first,Edward,2
76,last,Smith,18
76,last,Johnson,14
76,last,Williams,11
76,last,Brown,9
76,last,Jones,8
76,last,Miller,7
76,last,Davis,6
76,last,Wilson,5
76,last,Moore,4
76,last,Taylor,4
76,last,Anderson,3
76,last,Thomas,3
76,last,Jackson,2
76,last,White,2
76,last,Harris,2
77,first,John,18
77,first,James,14
77,first,David,11
77,first,Michael,9
77,first,Robert,8
77,first,William,7
77,first,Daniel,6
77,first,Mark,5
77,first,Paul,4
77,first,Peter,4
77,first,Thomas,3
77,first,Richard,3
77,first,George,2
77,first,Charles,2
77,first,Edward,2
77,last,Smith,18
77,last,Johnson,14
77,last,Williams,11
77,last,Brown,9
77,last,Jones,8
77,last,Miller,7
77,last,Davis,6
77,last,Wilson,5
77,last,Moore,4
77,last,Taylor,4
77,last,Anderson,3
77,last,Thomas,3
77,last,Jackson,2
77,last,White,2
77,last,Harris,2
78,first,Wei,18
78,first,Min,14
78,first,Jun,11
78,first,Hyun,9
78,first,Sung,8
78,first,Won,7
78,first,Tae,6
78,first,Ho,5
78,first,Ki,4
78,first,Sang,4
78,first,Seung,3
78,first,Young,3
78,first,Chul,2
78,first,Dong,2
78,first,Hak,2
78,last,Kim,18
78,last,Lee,14
78,last,Park,11
78,last,Choi,9
78,last,Jung,8
78,last,Kang,7
78,last,Cho,6
78,last,Yoon,5
78,last,Jang,4
78,last,Lim,4
78,last,Han,3
78,last,Shin,3
78,last,Seo,2
78,last,Kwon,2
78,last,Yang,2
79,first,Wei,18
79,first,Min,14
79,first,Jun,11
79,first,Hyun,9
79,first,Sung,8
79,first,Won,7
79,first,Tae,6
79,first,Ho,5
79,first,Ki,4
79,first,Sang,4
79,first,Seung,3
79,first,Young,3
79,first,Chul,2
79,first,Dong,2
79,first,Hak,2
79,first,Jin,2
79,first,Kwang,2
79,first,Man,2
79,first,Myung,2
79,first,Nam,2
79,last,Kim,18
79,last,Lee,14
79,last,Park,11
79,last,Choi,9
79,last,Jung,8
79,last,Kang,7
79,last,Cho,6
79,last,Yoon,5
79,last,Jang,4
79,last,Lim,4
79,last,Han,3
79,last,Shin,3
79,last,Seo,2
79,last,Kwon,2
79,last,Yang,2
79,last,Son,2
79,last,Baek,2
79,last,Ahn,2
79,last,Heo,2
79,last,Ryu,2
80,first,Wei,18
80,first,Min,14
80,first,Jun,11
80,first,Hyun,9
80,first,Sung,8
80,first,Won,7
80,first,Tae,6
80,first,Ho,5
80,first,Ki,4
80,first,Sang,4
80,first,Seung,3
80,first,Young,3
80,first,Chul,2
80,first,Dong,2
80,first,Hak,2
80,first,Jin,2
80,first,Kwang,2
80,first,Man,2
80,first,Myung,2
80,first,Nam,2
80,last,Kim,18
80,last,Lee,14
80,last,Park,11
80,last,Choi,9
80,last,Jung,8
80,last,Kang,7
80,last,Cho,6
80,last,Yoon,5
80,last,Jang,4
80,last,Lim,4
80,last,Han,3
80,last,Shin,3
80,last,Seo,2
80,last,Kwon,2
80,last,Yang,2
80,last,Son,2
80,last,Baek,2
80,last,Ahn,2
80,last,Heo,2
80,last,Ryu,2
81,first,Mohammed,18
81,first,Ahmed,14
81,first,Ali,11
81,first,Khalid,9
81,first,Hassan,8
81,first,Hussein,7
81,first,Omar,6
81,first,Ibrahim,5
81,first,Yusuf,4
81,first,Hamad,4
81,first,Fahad,3
81,first,Abdullah,3
81,first,Abdul,2
81,first,Saeed,2
81,first,Salem,2
81,last,Al-Saud,18
81,last,Al-Sheikh,14
81,last,Al-Mutairi,11
81,last,Al-Otaibi,9
81,last,Al-Harbi,8
81,last,Al-Ghamdi,7
81,last,Al-Qahtani,6
81,last,Al-Husseini,5
81,last,Al-Ali,4
81,last,Al-Sayed,4
81,last,Al-Mahmoud,3
81,last,Al-Hassan,3
81,last,Al-Rashid,2
81,last,Al-Najjar,2
81,last,Al-Khalil,2
82,first,Wei,18
82,first,Min,14
82,first,Jun,11
82,first,Hyun,9
82,first,Sung,8
82,first,Won,7
82,first,Tae,6
82,first,Ho,5
82,first,Ki,4
82,first,Sang,4
82,first,Seung,3
82,first,Young,3
82,first,Chul,2
82,first,Dong,2
82,first,Hak,2
82,first,Jin,2
82,first,Kwang,2
82,first,Man,2
82,first,Myung,2
82,first,Nam,2
82,last,Kim,18
82,last,Lee,14
82,last,Park,11
82,last,Choi,9
82,last,Jung,8
82,last,Kang,7
82,last,Cho,6
82,last,Yoon,5
82,last,Jang,4
82,last,Lim,4
82,last,Han,3
82,last,Shin,3
82,last,Seo,2
82,last,Kwon,2
82,last,Yang,2
82,last,Son,2
82,last,Baek,2
82,last,Ahn,2
82,last,Heo,2
82,last,Ryu,2
83,first,John,18
83,first,James,14
83,first,David,11
83,first,Michael,9
83,first,Robert,8
83,first,William,7
83,first,Daniel,6
83,first,Mark,5
83,first,Paul,4
83,first,Peter,4
83,first,Thomas,3
83,first,Richard,3
83,first,George,2
83,first,Charles,2
83,first,Edward,2
83,last,Smith,18
83,last,Johnson,14
83,last,Williams,11
83,last,Brown,9
83,last,Jones,8
83,last,Miller,7
83,last,Davis,6
83,last,Wilson,5
83,last,Moore,4
83,last,Taylor,4
83,last,Anderson,3
83,last,Thomas,3
83,last,Jackson,2
83,last,White,2
83,last,Harris,2
84,first,Wei,18
84,first,Min,14
84,first,Jun,11
84,first,Hyun,9
84,first,Sung,8
84,first,Won,7
84,first,Tae,6
84,first,Ho,5
84,first,Ki,4
84,first,Sang,4
84,first,Seung,3
84,first,Young,3
84,first,Chul,2
84,first,Dong,2
84,first,Hak,2
84,first,Jin,2
84,first,Kwang,2
84,first,Man,2
84,first,Myung,2
84,first,Nam,2
84,last,Kim,18
84,last,Lee,14
84,last,Park,11
84,last,Choi,9
84,last,Jung,8
84,last,Kang,7
84,last,Cho,6
84,last,Yoon,5
84,last,Jang,4
84,last,Lim,4
84,last,Han,3
84,last,Shin,3
84,last,Seo,2
84,last,Kwon,2
84,last,Yang,2
84,last,Son,2
84,last,Baek,2
84,last,Ahn,2
84,last,Heo,2
84,last,Ryu,2
85,first,Wei,18
85,first,Min,14
85,first,Jun,11
85,first,Hyun,9
85,first,Sung,8
85,first,Won,7
85,first,Tae,6
85,first,Ho,5
85,first,Ki,4
85,first,Sang,4
85,first,Seung,3
85,first,Young,3
85,first,Chul,2
85,first,Dong,2
85,first,Hak,2
85,last,Kim,18
85,last,Lee,14
85,last,Park,11
85,last,Choi,9
85,last,Jung,8
85,last,Kang,7
85,last,Cho,6
85,last,Yoon,5
85,last,Jang,4
85,last,Lim,4
85,last,Han,3
85,last,Shin,3
85,last,Seo,2
85,last,Kwon,2
85,last,Yang,2
86,first,Wei,18
86,first,Min,14
86,first,Jun,11
86,first,Hyun,9
86,first,Sung,8
86,first,Won,7
86,first,Tae,6
86,first,Ho,5
86,first,Ki,4
86,first,Sang,4
86,first,Seung,3
86,first,Young,3
86,first,Chul,2
86,first,Dong,2
86,first,Hak,2
86,last,Kim,18
86,last,Lee,14
86,last,Park,11
86,last,Choi,9
86,last,Jung,8
86,last,Kang,7
86,last,Cho,6
86,last,Yoon,5
86,last,Jang,4
86,last,Lim,4
86,last,Han,3
86,last,Shin,3
86,last,Seo,2
86,last,Kwon,2
86,last,Yang,2
87,first,Wei,18
87,first,Min,14
87,first,Jun,11
87,first,Hyun,9
87,first,Sung,8
87,first,Won,7
87,first,Tae,6
87,first,Ho,5
87,first,Ki,4
87,first,Sang,4
87,first,Seung,3
87,first,Young,3
87,first,Chul,2
87,first,Dong,2
87,first,Hak,2
87,last,Kim,18
87,last,Lee,14
87,last,Park,11
87,last,Choi,9
87,last,Jung,8
87,last,Kang,7
87,last,Cho,6
87,last,Yoon,5
87,last,Jang,4
87,last,Lim,4
87,last,Han,3
87,last,Shin,3
87,last,Seo,2
87,last,Kwon,2
87,last,Yang,2
88,first,John,18
88,first,James,14
88,first,David,11
88,first,Michael,9
88,first,Robert,8
88,first,William,7
88,first,Daniel,6
88,first,Mark,5
88,first,Paul,4
88,first,Peter,4
88,first,Thomas,3
88,first,Richard,3
88,first,George,2
88,first,Charles,2
88,first,Edward,2
88,last,Smith,18
88,last,Johnson,14
88,last,Williams,11
88,last,Brown,9
88,last,Jones,8
88,last,Miller,7
88,last,Davis,6
88,last,Wilson,5
88,last,Moore,4
88,last,Taylor,4
88,last,Anderson,3
88,last,Thomas,3
88,last,Jackson,2
88,last,White,2
88,last,Harris,2
89,first,Juan,18
89,first,José,14
89,first,Luis,11
89,first,Carlos,9
89,first,Miguel,8
89,first,Antonio,7
89,first,Francisco,6
89,first,Diego,5
89,first,Pablo,4
89,first,Santiago,4
89,first,Mateo,3
89,first,Nicolás,3
89,first,Tomás,2
89,first,Pedro,2
89,first,Manuel,2
89,last,González,18
89,last,Rodríguez,14
89,last,Gómez,11
89,last,Fernández,9
89,last,López,8
89,last,Díaz,7
89,last,Martínez,6
89,last,Pérez,5
89,last,Sánchez,4
89,last,Romero,4
89,last,Sosa,3
89,last,Alvarez,3
89,last,Benítez,2
89,last,Castro,2
89,last,Domínguez,2
90,first,John,18
90,first,James,14
90,first,David,11
90,first,Michael,9
90,first,Robert,8
90,first,William,7
90,first,Daniel,6
90,first,Mark,5
90,first,Paul,4
90,first,Peter,4
90,first,Thomas,3
90,first,Richard,3
90,first,George,2
90,first,Charles,2
90,first,Edward,2
90,last,Smith,18
90,last,Johnson,14
90,last,Williams,11
90,last,Brown,9
90,last,Jones,8
90,last,Miller,7
90,last,Davis,6
90,last,Wilson,5
90,last,Moore,4
90,last,Taylor,4
90,last,Anderson,3
90,last,Thomas,3
90,last,Jackson,2
90,last,White,2
90,last,Harris,2
91,first,Juan,18
91,first,José,14
91,first,Luis,11
91,first,Carlos,9
91,first,Miguel,8
91,first,Antonio,7
91,first,Francisco,6
91,first,Diego,5
91,first,Pablo,4
91,first,Santiago,4
91,first,Mateo,3
91,first,Nicolás,3
91,first,Tomás,2
91,first,Pedro,2
91,first,Manuel,2
91,last,González,18
91,last,Rodríguez,14
91,last,Gómez,11
91,last,Fernández,9
91,last,López,8
91,last,Díaz,7
91,last,Martínez,6
91,last,Pérez,5
91,last,Sánchez,4
91,last,Romero,4
91,last,Sosa,3
91,last,Alvarez,3
91,last,Benítez,2
91,last,Castro,2
91,last,Domínguez,2
92,first,Juan,18
92,first,José,14
92,first,Luis,11
92,first,Carlos,9
92,first,Miguel,8
92,first,Antonio,7
92,first,Francisco,6
92,first,Diego,5
92,first,Pablo,4
92,first,Santiago,4
92,first,Mateo,3
92,first,Nicolás,3
92,first,Tomás,2
92,first,Pedro,2
92,first,Manuel,2
92,last,González,18
92,last,Rodríguez,14
92,last,Gómez,11
92,last,Fernández,9
92,last,López,8
92,last,Díaz,7
92,last,Martínez,6
92,last,Pérez,5
92,last,Sánchez,4
92,last,Romero,4
92,last,Sosa,3
92,last,Alvarez,3
92,last,Benítez,2
92,last,Castro,2
92,last,Domínguez,2
93,first,John,18
93,first,James,14
93,first,David,11
93,first,Michael,9
93,first,Robert,8
93,first,William,7
93,first,Daniel,6
93,first,Mark,5
93,first,Paul,4
93,first,Peter,4
93,first,Thomas,3
93,first,Richard,3
93,first,George,2
93,first,Charles,2
93,first,Edward,2
93,last,Smith,18
93,last,Johnson,14
93,last,Williams,11
93,last,Brown,9
93,last,Jones,8
93,last,Miller,7
93,last,Davis,6
93,last,Wilson,5
93,last,Moore,4
93,last,Taylor,4
93,last,Anderson,3
93,last,Thomas,3
93,last,Jackson,2
93,last,White,2
93,last,Harris,2
94,first,Juan,18
94,first,José,14
94,first,Luis,11
94,first,Carlos,9
94,first,Miguel,8
94,first,Antonio,7
94,first,Francisco,6
94,first,Diego,5
94,first,Pablo,4
94,first,Santiago,4
94,first,Mateo,3
94,first,Nicolás,3
94,first,Tomás,2
94,first,Pedro,2
94,first,Manuel,2
94,first,Rafael,2
94,first,Javier,2
94,first,Mario,2
94,first,Sergio,2
94,first,Ricardo,2
94,last,González,18
94,last,Rodríguez,14
94,last,Gómez,11
94,last,Fernández,9
94,last,López,8
94,last,Díaz,7
94,last,Martínez,6
94,last,Pérez,5
94,last,Sánchez,4
94,last,Romero,4
94,last,Sosa,3
94,last,Alvarez,3
94,last,Benítez,2
94,last,Castro,2
94,last,Domínguez,2
94,last,Espinoza,2
94,last,Farias,2
94,last,Giménez,2
94,last,Heredia,2
94,last,Ibarra,2
95,first,John,18
95,first,James,14
95,first,David,11
95,first,Michael,9
95,first,Robert,8
95,first,William,7
95,first,Daniel,6
95,first,Mark,5
95,first,Paul,4
95,first,Peter,4
95,first,Thomas,3
95,first,Richard,3
95,first,George,2
95,first,Charles,2
95,first,Edward,2
95,last,Smith,18
95,last,Johnson,14
95,last,Williams,11
95,last,Brown,9
95,last,Jones,8
95,last,Miller,7
95,last,Davis,6
95,last,Wilson,5
95,last,Moore,4
95,last,Taylor,4
95,last,Anderson,3
95,last,Thomas,3
95,last,Jackson,2
95,last,White,2
95,last,Harris,2
96,first,Juan,18
96,first,José,14
96,first,Luis,11
96,first,Carlos,9
96,first,Miguel,8
96,first,Antonio,7
96,first,Francisco,6
96,first,Diego,5
96,first,Pablo,4
96,first,Santiago,4
96,first,Mateo,3
96,first,Nicolás,3
96,first,Tomás,2
96,first,Pedro,2
96,first,Manuel,2
96,last,González,18
96,last,Rodríguez,14
96,last,Gómez,11
96,last,Fernández,9
96,last,López,8
96,last,Díaz,7
96,last,Martínez,6
96,last,Pérez,5
96,last,Sánchez,4
96,last,Romero,4
96,last,Sosa,3
96,last,Alvarez,3
96,last,Benítez,2
96,last,Castro,2
96,last,Domínguez,2
97,first,Luca,18
97,first,Marco,14
97,first,Alessandro,11
97,first,Andrea,9
97,first,Francesco,8
97,first,Davide,7
97,first,Matteo,6
97,first,Lorenzo,5
97,first,Stefano,4
97,first,Simone,4
97,first,Diego,3
97,first,Federico,3
97,first,Riccardo,2
97,first,Antonio,2
97,first,Giuseppe,2
97,last,Rossi,18
97,last,Ferrari,14
97,last,Bianchi,11
97,last,Romano,9
97,last,Colombo,8
97,last,Ricci,7
97,last,Marino,6
97,last,Greco,5
97,last,Bruno,4
97,last,Gallo,4
97,last,Costa,3
97,last,De Luca,3
97,last,Mancini,2
97,last,Giordano,2
97,last,Rizzo,2
98,first,Luca,18
98,first,Marco,14
98,first,Alessandro,11
98,first,Andrea,9
98,first,Francesco,8
98,first,Davide,7
98,first,Matteo,6
98,first,Lorenzo,5
98,first,Stefano,4
98,first,Simone,4
98,first,Diego,3
98,first,Federico,3
98,first,Riccardo,2
98,first,Antonio,2
98,first,Giuseppe,2
98,last,Rossi,18
98,last,Ferrari,14
98,last,Bianchi,11
98,last,Romano,9
98,last,Colombo,8
98,last,Ricci,7
98,last,Marino,6
98,last,Greco,5
98,last,Bruno,4
98,last,Gallo,4
98,last,Costa,3
98,last,De Luca,3
98,last,Mancini,2
98,last,Giordano,2
98,last,Rizzo,2
99,first,Alexander,18
99,first,Dmitri,14
99,first,Sergei,11
99,first,Ivan,9
99,first,Mikhail,8
99,first,Alexei,7
99,first,Andrei,6
99,first,Nikolai,5
99,first,Pavel,4
99,first,Roman,4
99,first,Vladimir,3
99,first,Yevgeny,3
99,first,Igor,2
99,first,Maxim,2
99,first,Artem,2
99,last,Ivanov,18
99,last,Petrov,14
99,last,Smirnov,11
99,last,Kuznetsov,9
99,last,Popov,8
99,last,Sokolov,7
99,last,Lebedev,6
99,last,Kozlov,5
99,last,Novikov,4
99,last,Morozov,4
99,last,Volkov,3
99,last,Alekseev,3
99,last,Fedorov,2
99,last,Mikhailov,2
99,last,Belyaev,2
100,first,John,18
100,first,James,14
100,first,David,11
100,first,Michael,9
100,first,Robert,8
100,first,William,7
100,first,Daniel,6
100,first,Mark,5
100,first,Paul,4
100,first,Peter,4
100,first,Thomas,3
100,first,Richard,3
100,first,George,2
100,first,Charles,2
100,first,Edward,2
100,last,Smith,18
100,last,Johnson,14
100,last,Williams,11
100,last,Brown,9
100,last,Jones,8
100,last,Miller,7
100,last,Davis,6
100,last,Wilson,5
100,last,Moore,4
100,last,Taylor,4
100,last,Anderson,3
100,last,Thomas,3
100,last,Jackson,2
100,last,White,2
100,last,Harris,2
101,first,Luca,18
101,first,Marco,14
101,first,Alessandro,11
101,first,Andrea,9
101,first,Francesco,8
101,first,Davide,7
101,first,Matteo,6
101,first,Lorenzo,5
101,first,Stefano,4
101,first,Simone,4
101,first,Diego,3
101,first,Federico,3
101,first,Riccardo,2
101,first,Antonio,2
101,first,Giuseppe,2
101,last,Rossi,18
101,last,Ferrari,14
101,last,Bianchi,11
101,last,Romano,9
101,last,Colombo,8
101,last,Ricci,7
101,last,Marino,6
101,last,Greco,5
101,last,Bruno,4
101,last,Gallo,4
101,last,Costa,3
101,last,De Luca,3
101,last,Mancini,2
101,last,Giordano,2
101,last,Rizzo,2
102,first,Juan,18
102,first,José,14
102,first,Luis,11
102,first,Carlos,9
102,first,Miguel,8
102,first,Antonio,7
102,first,Francisco,6
102,first,Diego,5
102,first,Pablo,4
102,first,Santiago,4
102,first,Mateo,3
102,first,Nicolás,3
102,first,Tomás,2
102,first,Pedro,2
102,first,Manuel,2
102,last,González,18
102,last,Rodríguez,14
102,last,Gómez,11
102,last,Fernández,9
102,last,López,8
102,last,Díaz,7
102,last,Martínez,6
102,last,Pérez,5
102,last,Sánchez,4
102,last,Romero,4
102,last,Sosa,3
102,last,Alvarez,3
102,last,Benítez,2
102,last,Castro,2
102,last,Domínguez,2
103,first,Alexander,18
103,first,Dmitri,14
103,first,Sergei,11
103,first,Ivan,9
103,first,Mikhail,8
103,first,Alexei,7
103,first,Andrei,6
103,first,Nikolai,5
103,first,Pavel,4
103,first,Roman,4
103,first,Vladimir,3
103,first,Yevgeny,3
103,first,Igor,2
103,first,Maxim,2
103,first,Artem,2
103,last,Ivanov,18
103,last,Petrov,14
103,last,Smirnov,11
103,last,Kuznetsov,9
103,last,Popov,8
103,last,Sokolov,7
103,last,Lebedev,6
103,last,Kozlov,5
103,last,Novikov,4
103,last,Morozov,4
103,last,Volkov,3
103,last,Alekseev,3
103,last,Fedorov,2
103,last,Mikhailov,2
103,last,Belyaev,2
104,first,John,18
104,first,James,14
104,first,David,11
104,first,Michael,9
104,first,Robert,8
104,first,William,7
104,first,Daniel,6
104,first,Mark,5
104,first,Paul,4
104,first,Peter,4
104,first,Thomas,3
104,first,Richard,3
104,first,George,2
104,first,Charles,2
104,first,Edward,2
104,first,Andrew,2
104,first,Patrick,2
104,first,Stephen,2
104,first,Brian,2
104,first,Kevin,2
104,last,Smith,18
104,last,Johnson,14
104,last,Williams,11
104,last,Brown,9
104,last,Jones,8
104,last,Miller,7
104,last,Davis,6
104,last,Wilson,5
104,last,Moore,4
104,last,Taylor,4
104,last,Anderson,3
104,last,Thomas,3
104,last,Jackson,2
104,last,White,2
104,last,Harris,2
104,last,Martin,2
104,last,Thompson,2
104,last,Garcia,2
104,last,Martinez,2
104,last,Robinson,2
105,first,John,18
105,first,James,14
105,first,David,11
105,first,Michael,9
105,first,Robert,8
105,first,William,7
105,first,Daniel,6
105,first,Mark,5
105,first,Paul,4
105,first,Peter,4
105,first,Thomas,3
105,first,Richard,3
105,first,George,2
105,first,Charles,2
105,first,Edward,2
105,last,Smith,18
105,last,Johnson,14
105,last,Williams,11
105,last,Brown,9
105,last,Jones,8
105,last,Miller,7
105,last,Davis,6
105,last,Wilson,5
105,last,Moore,4
105,last,Taylor,4
105,last,Anderson,3
105,last,Thomas,3
105,last,Jackson,2
105,last,White,2
105,last,Harris,2
106,first,Mohammed,18
106,first,Ahmed,14
106,first,Ali,11
106,first,Khalid,9
106,first,Hassan,8
106,first,Hussein,7
106,first,Omar,6
106,first,Ibrahim,5
106,first,Yusuf,4
106,first,Hamad,4
106,first,Fahad,3
106,first,Abdullah,3
106,first,Abdul,2
106,first,Saeed,2
106,first,Salem,2
106,last,Al-Saud,18
106,last,Al-Sheikh,14
106,last,Al-Mutairi,11
106,last,Al-Otaibi,9
106,last,Al-Harbi,8
106,last,Al-Ghamdi,7
106,last,Al-Qahtani,6
106,last,Al-Husseini,5
106,last,Al-Ali,4
106,last,Al-Sayed,4
106,last,Al-Mahmoud,3
106,last,Al-Hassan,3
106,last,Al-Rashid,2
106,last,Al-Najjar,2
106,last,Al-Khalil,2
107,first,Mohammed,18
107,first,Ahmed,14
107,first,Ali,11
107,first,Khalid,9
107,first,Hassan,8
107,first,Hussein,7
107,first,Omar,6
107,first,Ibrahim,5
107,first,Yusuf,4
107,first,Hamad,4
107,first,Fahad,3
107,first,Abdullah,3
107,first,Abdul,2
107,first,Saeed,2
107,first,Salem,2
107,last,Al-Saud,18
107,last,Al-Sheikh,14
107,last,Al-Mutairi,11
107,last,Al-Otaibi,9
107,last,Al-Harbi,8
107,last,Al-Ghamdi,7
107,last,Al-Qahtani,6
107,last,Al-Husseini,5
107,last,Al-Ali,4
107,last,Al-Sayed,4
107,last,Al-Mahmoud,3
107,last,Al-Hassan,3
107,last,Al-Rashid,2
107,last,Al-Najjar,2
107,last,Al-Khalil,2
108,first,Luca,18
108,first,Marco,14
108,first,Alessandro,11
108,first,Andrea,9
108,first,Francesco,8
108,first,Davide,7
108,first,Matteo,6
108,first,Lorenzo,5
108,first,Stefano,4
108,first,Simone,4
108,first,Diego,3
108,first,Federico,3
108,first,Riccardo,2
108,first,Antonio,2
108,first,Giuseppe,2
108,last,Rossi,18
108,last,Ferrari,14
108,last,Bianchi,11
108,last,Romano,9
108,last,Colombo,8
108,last,Ricci,7
108,last,Marino,6
108,last,Greco,5
108,last,Bruno,4
108,last,Gallo,4
108,last,Costa,3
108,last,De Luca,3
108,last,Mancini,2
108,last,Giordano,2
108,last,Rizzo,2
109,first,John,18
109,first,James,14
109,first,David,11
109,first,Michael,9
109,first,Robert,8
109,first,William,7
109,first,Daniel,6
109,first,Mark,5
109,first,Paul,4
109,first,Peter,4
109,first,Thomas,3
109,first,Richard,3
109,first,George,2
109,first,Charles,2
109,first,Edward,2
109,last,Smith,18
109,last,Johnson,14
109,last,Williams,11
109,last,Brown,9
109,last,Jones,8
109,last,Miller,7
109,last,Davis,6
109,last,Wilson,5
109,last,Moore,4
109,last,Taylor,4
109,last,Anderson,3
109,last,Thomas,3
109,last,Jackson,2
109,last,White,2
109,last,Harris,2
110,first,John,18
110,first,James,14
110,first,David,11
110,first,Michael,9
110,first,Robert,8
110,first,William,7
110,first,Daniel,6
110,first,Mark,5
110,first,Paul,4
110,first,Peter,4
110,first,Thomas,3
110,first,Richard,3
110,first,George,2
110,first,Charles,2
110,first,Edward,2
110,last,Smith,18
110,last,Johnson,14
110,last,Williams,11
110,last,Brown,9
110,last,Jones,8
110,last,Miller,7
110,last,Davis,6
110,last,Wilson,5
110,last,Moore,4
110,last,Taylor,4
110,last,Anderson,3
110,last,Thomas,3
110,last,Jackson,2
110,last,White,2
110,last,Harris,2
111,first,John,18
111,first,James,14
111,first,David,11
111,first,Michael,9
111,first,Robert,8
111,first,William,7
111,first,Daniel,6
111,first,Mark,5
111,first,Paul,4
111,first,Peter,4
111,first,Thomas,3
111,first,Richard,3
111,first,George,2
111,first,Charles,2
111,first,Edward,2
111,last,Smith,18
111,last,Johnson,14
111,last,Williams,11
111,last,Brown,9
111,last,Jones,8
111,last,Miller,7
111,last,Davis,6
111,last,Wilson,5
111,last,Moore,4
111,last,Taylor,4
111,last,Anderson,3
111,last,Thomas,3
111,last,Jackson,2
111,last,White,2
111,last,Harris,2
112,first,Wei,18
112,first,Min,14
112,first,Jun,11
112,first,Hyun,9
112,first,Sung,8
112,first,Won,7
112,first,Tae,6
112,first,Ho,5
112,first,Ki,4
112,first,Sang,4
112,first,Seung,3
112,first,Young,3
112,first,Chul,2
112,first,Dong,2
112,first,Hak,2
112,last,Kim,18
112,last,Lee,14
112,last,Park,11
112,last,Choi,9
112,last,Jung,8
112,last,Kang,7
112,last,Cho,6
112,last,Yoon,5
112,last,Jang,4
112,last,Lim,4
112,last,Han,3
112,last,Shin,3
112,last,Seo,2
112,last,Kwon,2
112,last,Yang,2
113,first,Wei,18
113,first,Min,14
113,first,Jun,11
113,first,Hyun,9
113,first,Sung,8
113,first,Won,7
113,first,Tae,6
113,first,Ho,5
113,first,Ki,4
113,first,Sang,4
113,first,Seung,3
113,first,Young,3
113,first,Chul,2
113,first,Dong,2
113,first,Hak,2
113,last,Kim,18
113,last,Lee,14
113,last,Park,11
113,last,Choi,9
113,last,Jung,8
113,last,Kang,7
113,last,Cho,6
113,last,Yoon,5
113,last,Jang,4
113,last,Lim,4
113,last,Han,3
113,last,Shin,3
113,last,Seo,2
113,last,Kwon,2
113,last,Yang,2
114,first,Wei,18
114,first,Min,14
114,first,Jun,11
114,first,Hyun,9
114,first,Sung,8
114,first,Won,7
114,first,Tae,6
114,first,Ho,5
114,first,Ki,4
114,first,Sang,4
114,first,Seung,3
114,first,Young,3
114,first,Chul,2
114,first,Dong,2
114,first,Hak,2
114,last,Kim,18
114,last,Lee,14
114,last,Park,11
114,last,Choi,9
114,last,Jung,8
114,last,Kang,7
114,last,Cho,6
114,last,Yoon,5
114,last,Jang,4
114,last,Lim,4
114,last,Han,3
114,last,Shin,3
114,last,Seo,2
114,last,Kwon,2
114,last,Yang,2
115,first,Samuel,18
115,first,Pierre,14
115,first,Jean,11
115,first,Paul,9
115,first,André,8
115,first,Emmanuel,7
115,first,Eric,6
115,first,Daniel,5
115,first,David,4
115,first,Joseph,4
115,first,Michel,3
115,first,Alain,3
115,first,Marc,2
115,first,Patrick,2
115,first,Robert,2
115,last,Mensah,18
115,last,Asante,14
115,last,Owusu,11
115,last,Acheampong,9
115,last,Osei,8
115,last,Adjei,7
115,last,Boateng,6
115,last,Agyei,5
115,last,Amoah,4
115,last,Darko,4
115,last,Donkor,3
115,last,Kufuor,3
115,last,Agyeman,2
115,last,Agyekum,2
115,last,Appiah,2
116,first,Samuel,18
116,first,Pierre,14
116,first,Jean,11
116,first,Paul,9
116,first,André,8
116,first,Emmanuel,7
116,first,Eric,6
116,first,Daniel,5
116,first,David,4
116,first,Joseph,4
116,first,Michel,3
116,first,Alain,3
116,first,Marc,2
116,first,Patrick,2
116,first,Robert,2
116,last,Mensah,18
116,last,Asante,14
116,last,Owusu,11
116,last,Acheampong,9
116,last,Osei,8
116,last,Adjei,7
116,last,Boateng,6
116,last,Agyei,5
116,last,Amoah,4
116,last,Darko,4
116,last,Donkor,3
116,last,Kufuor,3
116,last,Agyeman,2
116,last,Agyekum,2
116,last,Appiah,2
117,first,Wei,18
117,first,Min,14
117,first,Jun,11
117,first,Hyun,9
117,first,Sung,8
117,first,Won,7
117,first,Tae,6
117,first,Ho,5
117,first,Ki,4
117,first,Sang,4
117,first,Seung,3
117,first,Young,3
117,first,Chul,2
117,first,Dong,2
117,first,Hak,2
117,last,Kim,18
117,last,Lee,14
117,last,Park,11
117,last,Choi,9
117,last,Jung,8
117,last,Kang,7
117,last,Cho,6
117,last,Yoon,5
117,last,Jang,4
117,last,Lim,4
117,last,Han,3
117,last,Shin,3
117,last,Seo,2
117,last,Kwon,2
117,last,Yang,2
118,first,Juan,18
118,first,José,14
118,first,Luis,11
118,first,Carlos,9
118,first,Miguel,8
118,first,Antonio,7
118,first,Francisco,6
118,first,Diego,5
118,first,Pablo,4
118,first,Santiago,4
118,first,Mateo,3
118,first,Nicolás,3
118,first,Tomás,2
118,first,Pedro,2
118,first,Manuel,2
118,last,González,18
118,last,Rodríguez,14
118,last,Gómez,11
118,last,Fernández,9
118,last,López,8
118,last,Díaz,7
118,last,Martínez,6
118,last,Pérez,5
118,last,Sánchez,4
118,last,Romero,4
118,last,Sosa,3
118,last,Alvarez,3
118,last,Benítez,2
118,last,Castro,2
118,last,Domínguez,2
119,first,John,18
119,first,James,14
119,first,David,11
119,first,Michael,9
119,first,Robert,8
119,first,William,7
119,first,Daniel,6
119,first,Mark,5
119,first,Paul,4
119,first,Peter,4
119,first,Thomas,3
119,first,Richard,3
119,first,George,2
119,first,Charles,2
119,first,Edward,2
119,last,Smith,18
119,last,Johnson,14
119,last,Williams,11
119,last,Brown,9
119,last,Jones,8
119,last,Miller,7
119,last,Davis,6
119,last,Wilson,5
119,last,Moore,4
119,last,Taylor,4
119,last,Anderson,3
119,last,Thomas,3
119,last,Jackson,2
119,last,White,2
119,last,Harris,2
120,first,John,18
120,first,James,14
120,first,David,11
120,first,Michael,9
120,first,Robert,8
120,first,William,7
120,first,Daniel,6
120,first,Mark,5
120,first,Paul,4
120,first,Peter,4
120,first,Thomas,3
120,first,Richard,3
120,first,George,2
120,first,Charles,2
120,first,Edward,2
120,last,Smith,18
120,last,Johnson,14
120,last,Williams,11
120,last,Brown,9
120,last,Jones,8
120,last,Miller,7
120,last,Davis,6
120,last,Wilson,5
120,last,Moore,4
120,last,Taylor,4
120,last,Anderson,3
120,last,Thomas,3
120,last,Jackson,2
120,last,White,2
120,last,Harris,2
121,first,Luca,18
121,first,Marco,14
121,first,Alessandro,11
121,first,Andrea,9
121,first,Francesco,8
121,first,Davide,7
121,first,Matteo,6
121,first,Lorenzo,5
121,first,Stefano,4
121,first,Simone,4
121,first,Diego,3
121,first,Federico,3
121,first,Riccardo,2
121,first,Antonio,2
121,first,Giuseppe,2
121,last,Rossi,18
121,last,Ferrari,14
121,last,Bianchi,11
121,last,Romano,9
121,last,Colombo,8
121,last,Ricci,7
121,last,Marino,6
121,last,Greco,5
121,last,Bruno,4
121,last,Gallo,4
121,last,Costa,3
121,last,De Luca,3
121,last,Mancini,2
121,last,Giordano,2
121,last,Rizzo,2
122,first,Juan,18
122,first,José,14
122,first,Luis,11
122,first,Carlos,9
122,first,Miguel,8
122,first,Antonio,7
122,first,Francisco,6
122,first,Diego,5
122,first,Pablo,4
122,first,Santiago,4
122,first,Mateo,3
122,first,Nicolás,3
122,first,Tomás,2
122,first,Pedro,2
122,first,Manuel,2
122,last,González,18
122,last,Rodríguez,14
122,last,Gómez,11
122,last,Fernández,9
122,last,López,8
122,last,Díaz,7
122,last,Martínez,6
122,last,Pérez,5
122,last,Sánchez,4
122,last,Romero,4
122,last,Sosa,3
122,last,Alvarez,3
122,last,Benítez,2
122,last,Castro,2
122,last,Domínguez,2
123,first,Alexander,18
123,first,Dmitri,14
123,first,Sergei,11
123,first,Ivan,9
123,first,Mikhail,8
123,first,Alexei,7
123,first,Andrei,6
123,first,Nikolai,5
123,first,Pavel,4
123,first,Roman,4
123,first,Vladimir,3
123,first,Yevgeny,3
123,first,Igor,2
123,first,Maxim,2
123,first,Artem,2
123,last,Ivanov,18
123,last,Petrov,14
123,last,Smirnov,11
123,last,Kuznetsov,9
123,last,Popov,8
123,last,Sokolov,7
123,last,Lebedev,6
123,last,Kozlov,5
123,last,Novikov,4
123,last,Morozov,4
123,last,Volkov,3
123,last,Alekseev,3
123,last,Fedorov,2
123,last,Mikhailov,2
123,last,Belyaev,2
124,first,John,18
124,first,James,14
124,first,David,11
124,first,Michael,9
124,first,Robert,8
124,first,William,7
124,first,Daniel,6
124,first,Mark,5
124,first,Paul,4
124,first,Peter,4
124,first,Thomas,3
124,first,Richard,3
124,first,George,2
124,first,Charles,2
124,first,Edward,2
124,last,Smith,18
124,last,Johnson,14
124,last,Williams,11
124,last,Brown,9
124,last,Jones,8
124,last,Miller,7
124,last,Davis,6
124,last,Wilson,5
124,last,Moore,4
124,last,Taylor,4
124,last,Anderson,3
124,last,Thomas,3
124,last,Jackson,2
124,last,White,2
124,last,Harris,2
125,first,John,18
125,first,James,14
125,first,David,11
125,first,Michael,9
125,first,Robert,8
125,first,William,7
125,first,Daniel,6
125,first,Mark,5
125,first,Paul,4
125,first,Peter,4
125,first,Thomas,3
125,first,Richard,3
125,first,George,2
125,first,Charles,2
125,first,Edward,2
125,last,Smith,18
125,last,Johnson,14
125,last,Williams,11
125,last,Brown,9
125,last,Jones,8
125,last,Miller,7
125,last,Davis,6
125,last,Wilson,5
125,last,Moore,4
125,last,Taylor,4
125,last,Anderson,3
125,last,Thomas,3
125,last,Jackson,2
125,last,White,2
125,last,Harris,2
126,first,Wei,18
126,first,Min,14
126,first,Jun,11
126,first,Hyun,9
126,first,Sung,8
126,first,Won,7
126,first,Tae,6
126,first,Ho,5
126,first,Ki,4
126,first,Sang,4
126,first,Seung,3
126,first,Young,3
126,first,Chul,2
126,first,Dong,2
126,first,Hak,2
126,last,Kim,18
126,last,Lee,14
126,last,Park,11
126,last,Choi,9
126,last,Jung,8
126,last,Kang,7
126,last,Cho,6
126,last,Yoon,5
126,last,Jang,4
126,last,Lim,4
126,last,Han,3
126,last,Shin,3
126,last,Seo,2
126,last,Kwon,2
126,last,Yang,2
127,first,John,18
127,first,James,14
127,first,David,11
127,first,Michael,9
127,first,Robert,8
127,first,William,7
127,first,Daniel,6
127,first,Mark,5
127,first,Paul,4
127,first,Peter,4
127,first,Thomas,3
127,first,Richard,3
127,first,George,2
127,first,Charles,2
127,first,Edward,2
127,last,Smith,18
127,last,Johnson,14
127,last,Williams,11
127,last,Brown,9
127,last,Jones,8
127,last,Miller,7
127,last,Davis,6
127,last,Wilson,5
127,last,Moore,4
127,last,Taylor,4
127,last,Anderson,3
127,last,Thomas,3
127,last,Jackson,2
127,last,White,2
127,last,Harris,2
128,first,Samuel,18
128,first,Pierre,14
128,first,Jean,11
128,first,Paul,9
128,first,André,8
128,first,Emmanuel,7
128,first,Eric,6
128,first,Daniel,5
128,first,David,4
128,first,Joseph,4
128,first,Michel,3
128,first,Alain,3
128,first,Marc,2
128,first,Patrick,2
128,first,Robert,2
128,first,Roger,2
128,first,Serge,2
128,first,Stéphane,2
128,first,Yann,2
128,first,Yves,2
128,last,Mensah,18
128,last,Asante,14
128,last,Owusu,11
128,last,Acheampong,9
128,last,Osei,8
128,last,Adjei,7
128,last,Boateng,6
128,last,Agyei,5
128,last,Amoah,4
128,last,Darko,4
128,last,Donkor,3
128,last,Kufuor,3
128,last,Agyeman,2
128,last,Agyekum,2
128,last,Appiah,2
128,last,Asare,2
128,last,Ata,2
128,last,Baffoe,2
128,last,Boakye,2
128,last,Bonsu,2
129,first,Samuel,18
129,first,Pierre,14
129,first,Jean,11
129,first,Paul,9
129,first,André,8
129,first,Emmanuel,7
129,first,Eric,6
129,first,Daniel,5
129,first,David,4
129,first,Joseph,4
129,first,Michel,3
129,first,Alain,3
129,first,Marc,2
129,first,Patrick,2
129,first,Robert,2
129,first,Roger,2
129,first,Serge,2
129,first,Stéphane,2
129,first,Yann,2
129,first,Yves,2
129,last,Mensah,18
129,last,Asante,14
129,last,Owusu,11
129,last,Acheampong,9
129,last,Osei,8
129,last,Adjei,7
129,last,Boateng,6
129,last,Agyei,5
129,last,Amoah,4
129,last,Darko,4
129,last,Donkor,3
129,last,Kufuor,3
129,last,Agyeman,2
129,last,Agyekum,2
129,last,Appiah,2
129,last,Asare,2
129,last,Ata,2
129,last,Baffoe,2
129,last,Boakye,2
129,last,Bonsu,2
130,first,John,18
130,first,James,14
130,first,David,11
130,first,Michael,9
130,first,Robert,8
130,first,William,7
130,first,Daniel,6
130,first,Mark,5
130,first,Paul,4
130,first,Peter,4
130,first,Thomas,3
130,first,Richard,3
130,first,George,2
130,first,Charles,2
130,first,Edward,2
130,last,Smith,18
130,last,Johnson,14
130,last,Williams,11
130,last,Brown,9
130,last,Jones,8
130,last,Miller,7
130,last,Davis,6
130,last,Wilson,5
130,last,Moore,4
130,last,Taylor,4
130,last,Anderson,3
130,last,Thomas,3
130,last,Jackson,2
130,last,White,2
130,last,Harris,2
131,first,Luca,18
131,first,Marco,14
131,first,Alessandro,11
131,first,Andrea,9
131,first,Francesco,8
131,first,Davide,7
131,first,Matteo,6
131,first,Lorenzo,5
131,first,Stefano,4
131,first,Simone,4
131,first,Diego,3
131,first,Federico,3
131,first,Riccardo,2
131,first,Antonio,2
131,first,Giuseppe,2
131,last,Rossi,18
131,last,Ferrari,14
131,last,Bianchi,11
131,last,Romano,9
131,last,Colombo,8
131,last,Ricci,7
131,last,Marino,6
131,last,Greco,5
131,last,Bruno,4
131,last,Gallo,4
131,last,Costa,3
131,last,De Luca,3
131,last,Mancini,2
131,last,Giordano,2
131,last,Rizzo,2
132,first,Luca,18
132,first,Marco,14
132,first,Alessandro,11
132,first,Andrea,9
132,first,Francesco,8
132,first,Davide,7
132,first,Matteo,6
132,first,Lorenzo,5
132,first,Stefano,4
132,first,Simone,4
132,first,Diego,3
132,first,Federico,3
132,first,Riccardo,2
132,first,Antonio,2
132,first,Giuseppe,2
132,last,Rossi,18
132,last,Ferrari,14
132,last,Bianchi,11
132,last,Romano,9
132,last,Colombo,8
132,last,Ricci,7
132,last,Marino,6
132,last,Greco,5
132,last,Bruno,4
132,last,Gallo,4
132,last,Costa,3
132,last,De Luca,3
132,last,Mancini,2
132,last,Giordano,2
132,last,Rizzo,2
133,first,Mohammed,18
133,first,Ahmed,14
133,first,Ali,11
133,first,Khalid,9
133,first,Hassan,8
133,first,Hussein,7
133,first,Omar,6
133,first,Ibrahim,5
133,first,Yusuf,4
133,first,Hamad,4
133,first,Fahad,3
133,first,Abdullah,3
133,first,Abdul,2
133,first,Saeed,2
133,first,Salem,2
133,last,Al-Saud,18
133,last,Al-Sheikh,14
133,last,Al-Mutairi,11
133,last,Al-Otaibi,9
133,last,Al-Harbi,8
133,last,Al-Ghamdi,7
133,last,Al-Qahtani,6
133,last,Al-Husseini,5
133,last,Al-Ali,4
133,last,Al-Sayed,4
133,last,Al-Mahmoud,3
133,last,Al-Hassan,3
133,last,Al-Rashid,2
133,last,Al-Najjar,2
133,last,Al-Khalil,2
134,first,John,18
134,first,James,14
134,first,David,11
134,first,Michael,9
134,first,Robert,8
134,first,William,7
134,first,Daniel,6
134,first,Mark,5
134,first,Paul,4
134,first,Peter,4
134,first,Thomas,3
134,first,Richard,3
134,first,George,2
134,first,Charles,2
134,first,Edward,2
134,last,Smith,18
134,last,Johnson,14
134,last,Williams,11
134,last,Brown,9
134,last,Jones,8
134,last,Miller,7
134,last,Davis,6
134,last,Wilson,5
134,last,Moore,4
134,last,Taylor,4
134,last,Anderson,3
134,last,Thomas,3
134,last,Jackson,2
134,last,White,2
134,last,Harris,2
135,first,Samuel,18
135,first,Pierre,14
135,first,Jean,11
135,first,Paul,9
135,first,André,8
135,first,Emmanuel,7
135,first,Eric,6
135,first,Daniel,5
135,first,David,4
135,first,Joseph,4
135,first,Michel,3
135,first,Alain,3
135,first,Marc,2
135,first,Patrick,2
135,first,Robert,2
135,first,Roger,2
135,first,Serge,2
135,first,Stéphane,2
135,first,Yann,2
135,first,Yves,2
135,last,Mensah,18
135,last,Asante,14
135,last,Owusu,11
135,last,Acheampong,9
135,last,Osei,8
135,last,Adjei,7
135,last,Boateng,6
135,last,Agyei,5
135,last,Amoah,4
135,last,Darko,4
135,last,Donkor,3
135,last,Kufuor,3
135,last,Agyeman,2
135,last,Agyekum,2
135,last,Appiah,2
135,last,Asare,2
135,last,Ata,2
135,last,Baffoe,2
135,last,Boakye,2
135,last,Bonsu,2
136,first,Samuel,18
136,first,Pierre,14
136,first,Jean,11
136,first,Paul,9
136,first,André,8
136,first,Emmanuel,7
136,first,Eric,6
136,first,Daniel,5
136,first,David,4
136,first,Joseph,4
136,first,Michel,3
136,first,Alain,3
136,first,Marc,2
136,first,Patrick,2
136,first,Robert,2
136,last,Mensah,18
136,last,Asante,14
136,last,Owusu,11
136,last,Acheampong,9
136,last,Osei,8
136,last,Adjei,7
136,last,Boateng,6
136,last,Agyei,5
136,last,Amoah,4
136,last,Darko,4
136,last,Donkor,3
136,last,Kufuor,3
136,last,Agyeman,2
136,last,Agyekum,2
136,last,Appiah,2
137,first,Samuel,18
137,first,Pierre,14
137,first,Jean,11
137,first,Paul,9
137,first,André,8
137,first,Emmanuel,7
137,first,Eric,6
137,first,Daniel,5
137,first,David,4
137,first,Joseph,4
137,first,Michel,3
137,first,Alain,3
137,first,Marc,2
137,first,Patrick,2
137,first,Robert,2
137,last,Mensah,18
137,last,Asante,14
137,last,Owusu,11
137,last,Acheampong,9
137,last,Osei,8
137,last,Adjei,7
137,last,Boateng,6
137,last,Agyei,5
137,last,Amoah,4
137,last,Darko,4
137,last,Donkor,3
137,last,Kufuor,3
137,last,Agyeman,2
137,last,Agyekum,2
137,last,Appiah,2
138,first,John,18
138,first,James,14
138,first,David,11
138,first,Michael,9
138,first,Robert,8
138,first,William,7
138,first,Daniel,6
138,first,Mark,5
138,first,Paul,4
138,first,Peter,4
138,first,Thomas,3
138,first,Richard,3
138,first,George,2
138,first,Charles,2
138,first,Edward,2
138,last,Smith,18
138,last,Johnson,14
138,last,Williams,11
138,last,Brown,9
138,last,Jones,8
138,last,Miller,7
138,last,Davis,6
138,last,Wilson,5
138,last,Moore,4
138,last,Taylor,4
138,last,Anderson,3
138,last,Thomas,3
138,last,Jackson,2
138,last,White,2
138,last,Harris,2
139,first,John,18
139,first,James,14
139,first,David,11
139,first,Michael,9
139,first,Robert,8
139,first,William,7
139,first,Daniel,6
139,first,Mark,5
139,first,Paul,4
139,first,Peter,4
139,first,Thomas,3
139,first,Richard,3
139,first,George,2
139,first,Charles,2
139,first,Edward,2
139,last,Smith,18
139,last,Johnson,14
139,last,Williams,11
139,last,Brown,9
139,last,Jones,8
139,last,Miller,7
139,last,Davis,6
139,last,Wilson,5
139,last,Moore,4
139,last,Taylor,4
139,last,Anderson,3
139,last,Thomas,3
139,last,Jackson,2
139,last,White,2
139,last,Harris,2
